"nomem_encr","greed","prosocial","prosocialr","svo","leeftijd","geslacht","brutoink_f","brutohh_f","aant_bio","relationship","partners","lifesat"
839962,1.42857142857143,3.33333333333333,1.66666666666667,34.1669536080293,83,0,NA,NA,0,10.8333333333333,1,5.2
834576,1.28571428571429,3.33333333333333,1.66666666666667,26.446180435778,59,1,NA,NA,1,14.25,70,3.8
855996,1.28571428571429,3.33333333333333,1.66666666666667,32.2979774958722,85,1,32224,32224,1,10.8333333333333,6,3.4
849868,2.71428571428571,2.66666666666667,2.33333333333333,18.434948822922,54,1,19960.3122739976,NA,2,22.4166666666667,6,4.6
847500,1,3,2,34.1669536080293,67,1,18000,20500,3,23.5833333333333,4,5.4
835388,3.14285714285714,2.33333333333333,2.66666666666667,31.4295656148385,40,1,16000,20500,0,13.75,8,6
804196,3,2.33333333333333,2.66666666666667,41.1265102756554,64,1,15000,15800,2,23.6666666666667,2,6
874572,2,2.33333333333333,2.66666666666667,31.4295656148385,70,1,12500,13100,3,47,5,5
801300,2.85714285714286,3,2,33.5304696671331,49,1,12000,12475.3475131364,2,26.3333333333333,5,6
865765,1.57142857142857,3,2,45,58,1,12000,12750,2,39.5833333333333,1,6.2
888995,2.42857142857143,3,2,21.891567994964,71,1,12000,12000,2,49.1666666666667,4,4.8
863766,2.57142857142857,2,3,34.1669536080293,36,1,11808.743142173,11808.743142173,0,6.66666666666667,9,6
824668,3.57142857142857,2.33333333333333,2.66666666666667,6.64527821027442,51,1,11555.1537504309,14155.942698103,3,22.1666666666667,6,6
835791,2,2,3,15.6539227927946,51,1,11500,17000,2,27.6666666666667,NA,6
833123,1.57142857142857,2.33333333333333,2.66666666666667,26.565051177078,66,1,11080,11080,3,48.6666666666667,NA,6
887658,2,3,2,43.1523897340054,47,1,11025,11025,3,24.5,1,4
851647,2.14285714285714,3.66666666666667,1.33333333333333,27.4314619481826,70,1,10740,13069,0,50.8333333333333,1,5.4
840411,2.14285714285714,2.33333333333333,2.66666666666667,39.045892568835,60,1,10500,13109,3,43.3333333333333,1,6
818771,2.42857142857143,3,2,18.3498139977418,50,1,10000,10950,2,30,8,5.6
848367,1,4,1,31.4295656148385,56,0,10000,20000,3,24.5,4,5.4
867141,2.28571428571429,2.33333333333333,2.66666666666667,18.434948822922,39,1,10000,10000,2,11,20,5.8
876019,1.57142857142857,4,1,34.1669536080293,74,1,10000,10000,2,37.3333333333333,6,6
894836,2.14285714285714,1.66666666666667,3.33333333333333,16.0990859279985,56,1,10000,10000,2,29.4166666666667,8,6.4
861297,2.14285714285714,3,2,31.4295656148385,61,1,9168,9168,0,27,6,5.8
806307,1.42857142857143,3.66666666666667,1.33333333333333,31.4295656148385,67,1,9116.1552973767,10139.7569295693,0,45,5,5.8
865573,1.42857142857143,4,1,26.7871267297714,44,0,9000,13000,3,12,3,5.4
818572,1.71428571428571,2.66666666666667,2.33333333333333,42.1625892958652,44,1,8985,19545,2,12.5833333333333,4,5.8
829171,1.85714285714286,2.33333333333333,2.66666666666667,28.3727896474816,45,1,8900,15400,2,14.25,15,5.2
890640,1.42857142857143,3,2,28.5706985484666,39,1,8900,8900,0,0.666666666666667,NA,6
830679,3.71428571428571,2.33333333333333,2.66666666666667,18.434948822922,61,1,8700,14800,2,18.5,10,6
883123,2.14285714285714,3,2,43.6324559955424,57,1,8487,11654,3,30.5,8,5.8
866384,3.14285714285714,3,2,28.0993926767788,49,1,8400,10050,3,24.3333333333333,6,6
813375,2.71428571428571,3,2,5.74228327780413,76,1,8300,8300,0,10,20,5.8
845828,3.14285714285714,2.66666666666667,2.33333333333333,31.4295656148385,32,1,8250,9500,2,7.66666666666667,2,5.4
809375,1.14285714285714,3,2,31.4295656148385,48,1,8000,9325,3,28.8333333333333,1,6
847143,3,3,2,29.4949558176877,58,1,7800,9200,3,44,1,4.6
841662,1.57142857142857,2.66666666666667,2.33333333333333,5.71059313749964,76,1,7577,7577,2,43.5833333333333,2,5.8
806454,3,3,2,20.2248594311681,70,1,7500,8399.30824803583,2,41.1666666666667,4,4
844906,2,2,3,18.434948822922,61,1,7400,10900,1,39.5,1,5.6
821862,2.28571428571429,2.33333333333333,2.66666666666667,34.1669536080293,61,1,7273,7273,2,20,NA,4.2
851611,2.28571428571429,2.66666666666667,2.33333333333333,45,64,1,7215,10690,2,11.9166666666667,1,5.6
877621,2.28571428571429,2.66666666666667,2.33333333333333,31.4295656148385,53,0,7200,13200,2,22.75,15,5.2
833560,2.57142857142857,3,2,22.8670562997727,49,0,7161,10661,1,32.1666666666667,4,6
809619,2.28571428571429,3,2,27.8972710309476,62,1,7000,14998.0095993808,4,39.0833333333333,2,6
827590,3.14285714285714,3,2,34.1669536080293,51,1,7000,9100,2,26,15,5.6
830444,2,2.33333333333333,2.66666666666667,28.5706985484666,38,1,7000,8700,4,21.25,1,6
872645,1.71428571428571,2.66666666666667,2.33333333333333,30.8346152492318,57,1,7000,11000,2,21.75,2,5.6
880520,2.71428571428571,2.66666666666667,2.33333333333333,25.4173760573632,55,1,7000,9850,2,35.1666666666667,1,5.8
888015,3,3,2,34.1669536080293,44,1,7000,7000,4,20.1666666666667,2,2.6
839584,1.85714285714286,3.33333333333333,1.66666666666667,30.393262645553,64,1,6994.88151610277,6994.88151610277,2,37.9166666666667,9,5.4
868087,2.14285714285714,2.66666666666667,2.33333333333333,24.9590481877957,81,1,6900,7950,3,57,1,5.6
886013,1.57142857142857,3.66666666666667,1.33333333333333,42.1625892958652,77,1,6805,7529,0,51.75,9,4.8
850872,2.28571428571429,3,2,24.2938876025851,60,1,6750,7800,0,NA,25,2.4
823571,1.42857142857143,3.33333333333333,1.66666666666667,11.0104799070036,62,1,6738,9338,2,34.4166666666667,7,5.8
857162,1.28571428571429,2.33333333333333,2.66666666666667,25.7189724773389,50,1,6700,8850,2,23.9166666666667,3,6.8
860385,3,2.33333333333333,2.66666666666667,30.3276341191339,35,1,6700,8383.04341756936,1,7.58333333333333,1,5.8
893771,2.14285714285714,2,3,4.68187823639896,55,1,6700,7111.44809967718,2,25.5,NA,4.6
815173,3.14285714285714,2.66666666666667,2.33333333333333,18.434948822922,38,0,6650,10890,2,7.33333333333333,15,6.4
871353,1.57142857142857,2.66666666666667,2.33333333333333,34.1669536080293,52,1,6624,6624,0,7,NA,5
889465,2.85714285714286,3,2,28.9154243416267,48,1,6619,10952,2,25.3333333333333,1,5.8
887185,2.42857142857143,3,2,34.1669536080293,48,1,6572.09676324865,6572.09676324865,2,31.5,NA,4.4
822424,1.57142857142857,3.66666666666667,1.33333333333333,36.7667550398649,66,1,6500,8183.04341756936,3,45.3333333333333,8,5.6
837881,2.28571428571429,2.33333333333333,2.66666666666667,31.4295656148385,54,1,6500,8000,3,36,1,5
871438,1.57142857142857,3,2,36.4308581201624,69,1,6500,6500,2,32,5,5.2
832113,1,3,2,30.4397243806431,65,1,6499,9731.52992768354,3,45.3333333333333,2,4.8
898782,1.85714285714286,2.66666666666667,2.33333333333333,31.4295656148385,56,1,6425,9408,2,36.4166666666667,2,5.4
868713,1.85714285714286,3,2,31.4295656148385,41,1,6400,8200,1,5,NA,6
895443,2.14285714285714,2.33333333333333,2.66666666666667,45,64,1,6400,8400,3,43.5,NA,5.4
833636,1.28571428571429,2.33333333333333,2.66666666666667,23.4773998920929,58,1,6374,8074,2,16,2,5.6
804742,2,2.66666666666667,2.33333333333333,32.1400065024331,31,0,6307.30518127756,11615.6277904383,0,9.66666666666667,4,6.2
805560,2.71428571428571,2.66666666666667,2.33333333333333,16.0687008314662,76,1,6300,7300,2,51,1,4.4
816778,2.42857142857143,2.33333333333333,2.66666666666667,33.3350796302086,30,0,6273.60792549124,6273.60792549124,0,4.08333333333333,NA,4.6
852639,2.57142857142857,3,2,33.0754760623881,54,1,6263,11141.8048675118,3,22.4166666666667,5,4.8
808267,1.57142857142857,3.33333333333333,1.66666666666667,31.4295656148385,65,1,6220,6320,4,36,10,3.4
822521,2,3,2,31.4295656148385,66,1,6154.67100896343,6154.67100896343,2,40.75,5,2.2
874316,1.57142857142857,1.66666666666667,3.33333333333333,18.0746027595348,64,1,6100,6100,4,43.25,1,6.4
887155,1.71428571428571,2.33333333333333,2.66666666666667,42.1625892958652,49,1,6100,7600,3,32.75,1,5.4
882733,1.14285714285714,2.66666666666667,2.33333333333333,32.2979774958722,62,1,6076.07796673602,6076.07796673602,1,NA,3,6.2
824484,2.42857142857143,3,2,26.446180435778,62,1,6070,12030,0,29,NA,3.8
800057,2.14285714285714,1.66666666666667,3.33333333333333,18.434948822922,44,1,6000,13000,3,13.1666666666667,25,6
816262,2,3,2,21.8014094863518,78,1,6000,7500,3,NA,NA,5.8
824490,1.28571428571429,3.66666666666667,1.33333333333333,42.1625892958652,54,0,6000,7149.87873096375,0,26.6666666666667,1,6
837109,2.85714285714286,3,2,17.7713208229088,50,1,6000,10144.5820912666,3,26.6666666666667,5,5.2
849746,2.57142857142857,2.66666666666667,2.33333333333333,23.8504739080769,33,1,6000,9700,1,12.1666666666667,1,5
857022,1.57142857142857,3,2,23.510401201401,54,1,6000,9800,2,24.4166666666667,10,5.8
864596,1.28571428571429,2.66666666666667,2.33333333333333,35.4170552764674,59,1,6000,NA,3,33.8333333333333,1,6.6
866412,2.28571428571429,3,2,31.3540487207793,34,0,6000,9698,3,13.5833333333333,3,5
871331,2.42857142857143,3,2,31.4295656148385,44,1,6000,6800,4,17.5833333333333,2,4
891793,3,2.66666666666667,2.33333333333333,19.2900462191887,33,0,6000,9900,2,10,5,5.4
893945,1,3,2,42.1625892958652,55,1,6000,14300,3,30.3333333333333,NA,5.8
832052,3,2.66666666666667,2.33333333333333,3.3664606634298,61,1,5996,5996,1,18,NA,5
841757,1.14285714285714,3.33333333333333,1.66666666666667,31.4295656148385,69,1,5987.37093080138,5987.37093080138,2,29,6,5.6
894964,1,2.66666666666667,2.33333333333333,8.3102771675242,73,0,5974.22517250474,11974.2251725047,0,NA,1,2.6
819137,1.28571428571429,3,2,29.4949558176877,69,1,5902,7794,2,48.0833333333333,1,5.8
876422,1,3.66666666666667,1.33333333333333,32.2979774958722,69,1,5900,6800,2,40.3333333333333,2,1.8
897854,1.85714285714286,2.66666666666667,2.33333333333333,30.6664497441522,49,1,5900,7800,3,28,1,6
811557,1.42857142857143,4,1,31.6540337299386,67,1,5875,8562.11181078681,3,42.6666666666667,12,5.8
861611,2.28571428571429,3,2,31.7694915785975,38,1,5800,9100,1,22,1,6
854443,2.28571428571429,2,3,27.7482725403253,60,1,5782.02352430825,10582.0235243082,2,41.25,1,6
896017,1.42857142857143,2.33333333333333,2.66666666666667,31.4295656148385,49,1,5752,8152,2,28.75,1,6.2
834051,3,3,2,45,45,1,5704.07026217345,5834.90464676226,2,22.1666666666667,1,4
814102,2.42857142857143,3,2,34.1669536080293,27,0,5700,5700,0,1.58333333333333,2,6.2
899047,1.85714285714286,3,2,45,65,1,5700,7400,2,40.0833333333333,4,6
828695,1.57142857142857,2.66666666666667,2.33333333333333,34.1669536080293,68,0,5655.27275881359,5655.27275881359,3,23,5,5.4
865982,1.57142857142857,3.33333333333333,1.66666666666667,34.1669536080293,69,0,5655.27275881359,5655.27275881359,2,43.75,2,5.8
883013,2.28571428571429,3,2,29.417636233689,69,1,5655.27275881359,6435.27275881359,4,50,10,6
893801,2.28571428571429,3,2,16.4324156910951,62,1,5635.49293606075,7091.74659544007,1,40.6666666666667,7,4.8
890316,2,3,2,33.0754760623881,85,1,5605,5605,4,25,3,3.8
898379,3.71428571428571,2,3,8.60786237370611,41,1,5600,9280,2,15,1,5.2
893814,2.28571428571429,3,2,31.4295656148385,45,1,5507,10019,2,20.5,6,5.4
822497,3.57142857142857,2,3,19.9614035761527,58,1,5500,6700,2,35,2,5
824633,2,3,2,26.8619178444027,40,1,5500,7625.41591619464,2,12,2,4.2
840234,1.42857142857143,3.66666666666667,1.33333333333333,34.1669536080293,53,1,5500,9800,2,33.1666666666667,1,5.8
883129,1.57142857142857,3.33333333333333,1.66666666666667,31.4295656148385,58,0,5500,7500,3,33.1666666666667,1,5.4
818533,1.42857142857143,2.66666666666667,2.33333333333333,31.4295656148385,61,0,5427,5981.30488412541,2,45.4166666666667,1,5.4
816717,2.14285714285714,3,2,29.7166984268526,49,1,5400,5700,2,22.0833333333333,10,6.8
857131,2.28571428571429,2.33333333333333,2.66666666666667,18.434948822922,47,1,5400,9050,3,17.6666666666667,2,6
889340,1,2.33333333333333,2.66666666666667,31.4542142601293,81,0,5360,5360,3,48.3333333333333,1,6.6
822543,1.71428571428571,2,3,33.2682657264833,74,1,5351,5351,1,17,5,5.2
832403,1.14285714285714,4,1,42.1625892958652,70,0,5326.5913437672,5326.5913437672,0,10,2,6
844155,2.71428571428571,2.66666666666667,2.33333333333333,31.4295656148385,54,1,5300,7772.08557150186,2,28,3,4.6
858667,2.42857142857143,2.66666666666667,2.33333333333333,25.2011236454751,47,0,5300,5300,0,1,5,3.2
871371,2,3,2,34.1669536080293,52,1,5300,7600,2,33,NA,5.6
851431,2.85714285714286,3,2,31.4295656148385,50,1,5298.07436449363,7505.73516031957,2,26.5,NA,5.2
829492,1.71428571428571,2.33333333333333,2.66666666666667,34.1669536080293,61,1,5262,5262,1,31.25,25,5
825903,2.28571428571429,3,2,16.598104392861,64,1,5257.53459099945,7185.53459099945,3,40,2,6
803268,2,2.33333333333333,2.66666666666667,25.2439990025354,62,1,5250,6650,2,40.3333333333333,3,5
897744,2.14285714285714,3,2,30.5692241177874,69,1,5250,6528.02613731045,2,51.3333333333333,1,6.4
849353,1.42857142857143,3,2,31.4295656148385,76,1,5244.96685137671,NA,0,50,NA,5.8
878643,2.42857142857143,2,3,34.1669536080293,66,1,5214.5337495309,6145.96039560709,0,43.1666666666667,2,5.6
826602,2.28571428571429,2.33333333333333,2.66666666666667,31.4295656148385,31,0,5213.69084646079,10213.6908464608,0,12.0833333333333,4,6
817160,1.71428571428571,3,2,34.1669536080293,63,1,5202.22977132908,6781.58327828717,0,41,2,6
831157,1.42857142857143,2.33333333333333,2.66666666666667,18.434948822922,29,1,5202.22977132908,9947.52551701176,0,8,2,6.4
838021,2.14285714285714,3,2,25.6853386686869,47,1,5200,5200,1,16.5833333333333,1,3.4
858532,2.85714285714286,3.33333333333333,1.66666666666667,33.0754760623881,45,1,5200,5200,0,14,1,5.4
879943,2,3,2,34.1669536080293,59,1,5200,5200,1,20,5,3.4
885467,2.28571428571429,2.66666666666667,2.33333333333333,27.076607043665,50,1,5200,6890,2,33.6666666666667,1,6
826977,3.14285714285714,3,2,42.1625892958652,53,1,5185,6585,1,25.5,1,5.8
802859,1,2.66666666666667,2.33333333333333,31.4295656148385,76,1,5149,5984,3,52.5833333333333,1,5.8
800701,2.28571428571429,3.66666666666667,1.33333333333333,34.1669536080293,39,0,5118,10416.0743644936,0,8.41666666666667,13,7
840820,2.28571428571429,2.33333333333333,2.66666666666667,28.7203267978695,61,1,5106.70685911192,5106.70685911192,1,34.5833333333333,2,5.6
874429,2.42857142857143,2.33333333333333,2.66666666666667,31.4295656148385,62,1,5106.70685911192,5106.70685911192,1,19,25,5.2
856704,2.28571428571429,3,2,34.1669536080293,45,1,5100,5100,1,25.8333333333333,1,6.4
868969,3,2.66666666666667,2.33333333333333,31.4295656148385,43,0,5100,7900,1,20.0833333333333,2,5.8
878515,2.14285714285714,3,2,5.98295650281605,54,0,5100,13100,2,35.0833333333333,1,3.6
887634,2.57142857142857,3,2,16.4704284396086,68,1,5082.3847372443,6808.88243473957,0,48.25,NA,5.2
803796,2.57142857142857,2.66666666666667,2.33333333333333,33.4207591472843,49,0,5081.56319539526,7791.84664862437,2,NA,NA,4.4
878332,1.28571428571429,3.33333333333333,1.66666666666667,19.7594707352132,82,1,5042,6102,3,60,5,5
810406,1.71428571428571,3.33333333333333,1.66666666666667,34.1669536080293,32,1,5040,8240,2,8,1,5.4
847906,1.85714285714286,3,2,34.1669536080293,62,0,5030,8333.89932632692,2,27.1666666666667,5,5
838809,2.14285714285714,3.66666666666667,1.33333333333333,14.0362434679265,76,1,5018,6112.08008559557,3,50.5833333333333,3,5.6
804565,2.28571428571429,3,2,34.1669536080293,62,1,5011.5085982822,5011.5085982822,2,45.8333333333333,1,5.4
800161,2,3,2,31.4295656148385,48,1,5000,7288.37987804405,1,10.25,4,5.8
804925,1.57142857142857,3,2,31.4295656148385,52,1,5000,5000,2,20.1666666666667,NA,5.6
823345,2,2.66666666666667,2.33333333333333,45,66,1,5000,5000,2,38.9166666666667,1,2.8
830136,1,4,1,34.2673354433442,71,1,5000,5750,2,47.1666666666667,20,7
855810,2,3,2,31.4295656148385,59,1,5000,5000,2,33,NA,5.8
862506,1.57142857142857,4,1,15.058057469727,43,1,5000,5900,4,NA,NA,4.6
875769,1,2,3,31.7078157349622,78,1,5000,6500,2,42.6666666666667,2,6.4
875848,1.42857142857143,3,2,42.1625892958652,36,1,5000,9745.29574568268,2,10.6666666666667,NA,6.2
879034,2.28571428571429,3.33333333333333,1.66666666666667,38.8011626864943,66,0,5000,5000,0,24.25,4,4.4
880006,3,3.66666666666667,1.33333333333333,22.1819662632203,58,1,5000,5000,0,36.25,20,5.8
886727,2.42857142857143,2,3,17.6501242199301,63,1,5000,7500,3,NA,NA,4.6
893417,2,3,2,27.381839949425,72,1,5000,6000,2,50,1,5
894509,2.42857142857143,2.66666666666667,2.33333333333333,30.3276341191339,69,1,5000,5000,0,3,4,4.2
800775,1.71428571428571,3,2,42.1625892958652,50,1,4953,7984,3,14.0833333333333,2,5.4
887734,2.28571428571429,3.66666666666667,1.33333333333333,32.2979774958722,72,1,4952.96705431491,4952.96705431491,2,27.4166666666667,8,4.6
815951,2.14285714285714,2.33333333333333,2.66666666666667,21.2393105523103,39,1,4950,7150,1,3.33333333333333,3,5.4
827819,1.28571428571429,2.66666666666667,2.33333333333333,34.1669536080293,56,1,4950,4950,0,3.25,NA,5.2
814047,2,2.66666666666667,2.33333333333333,18.6000658860331,64,1,4900,7800,1,NA,1,5.4
845199,1.57142857142857,3,2,23.6579969987627,65,1,4900,4975,4,39.4166666666667,7,2.8
867782,1.14285714285714,3.33333333333333,1.66666666666667,34.1669536080293,72,1,4900,6375,0,49,1,5.6
866567,1,2.33333333333333,2.66666666666667,45,69,0,4881,4881,0,33,3,6.2
849795,1.57142857142857,3,2,31.4295656148385,65,1,4851,7830,1,43.4166666666667,1,5.6
810946,1.28571428571429,2.66666666666667,2.33333333333333,34.1669536080293,63,0,4850,7528.07948751051,2,43.3333333333333,2,6
876855,3,3,2,6.16298886911557,42,1,4850,4850,2,3,100,5.6
849423,1.14285714285714,3.66666666666667,1.33333333333333,20.3693133021872,66,0,4840.20548426273,4840.20548426273,2,24.5,8,4.6
801031,2.14285714285714,2,3,30.3276341191339,46,1,4822.098295147,5867.24099626194,2,31.5,1,5.2
815560,2.28571428571429,3,2,18.7185889786798,31,0,4822.098295147,4822.098295147,0,7,4,3.8
822836,1.57142857142857,2.33333333333333,2.66666666666667,31.7411278178193,56,1,4822.098295147,6786.52054648251,2,24.3333333333333,2,4.4
869999,1.57142857142857,3,2,34.1669536080293,37,0,4822.098295147,9382.31544222137,2,5,3,5
896957,2.57142857142857,2,3,4.51991111453517,45,1,4822.098295147,4822.098295147,2,21,20,5.8
803280,1.14285714285714,2.66666666666667,2.33333333333333,21.9866821777424,61,1,4800,5185,4,19.4166666666667,NA,5.8
820755,2.57142857142857,2.33333333333333,2.66666666666667,29.7166984268526,48,1,4800,5700,1,18,1,5.6
887255,1.71428571428571,3,2,34.1669536080293,69,1,4800,9600,2,10.8333333333333,1,5.8
862423,2.42857142857143,3,2,-1.20351580930503,74,1,4797,4797,2,7,14,5
879092,1.42857142857143,3,2,31.4295656148385,58,0,4762,4762,3,26,NA,5
823953,2.28571428571429,2.33333333333333,2.66666666666667,31.4295656148385,60,1,4748,4748,0,5.5,NA,6.8
864218,3.71428571428571,2.66666666666667,2.33333333333333,27.8972710309476,46,1,4725,4725,2,27.6666666666667,3,5.8
883337,2,3,2,28.5684077252495,49,1,4712,4712,0,12,6,5.8
807702,2.14285714285714,3,2,26.7849955075022,53,1,4700,6007.90950879188,2,18.75,3,4.4
846725,2.85714285714286,3,2,27.4445225740888,55,1,4700,4700,2,24.5,7,5.4
850491,2.14285714285714,2.66666666666667,2.33333333333333,27.6459753637387,83,1,4700,4700,0,36,1,4.2
883615,2,3.33333333333333,1.66666666666667,31.4295656148385,66,1,4700,7700,3,41.0833333333333,1,5.2
895776,3.14285714285714,3,2,14.9500863790126,78,1,4700,4870,3,56.5,3,6
889901,2.14285714285714,3.33333333333333,1.66666666666667,31.4295656148385,50,0,4699.89455508877,9324.93292476805,3,24.5,5,5.2
846395,1.14285714285714,3,2,34.1669536080293,68,1,4680,5980,3,44,1,7
885714,2,3,2,18.0041616059134,63,1,4670,5431,2,45.6666666666667,1,5.2
843463,1.71428571428571,3,2,31.3540487207793,39,0,4669,4669,0,1.5,10,2.8
822732,1.57142857142857,3,2,31.4295656148385,38,0,4668,9868,1,3,7,3.4
805023,1.57142857142857,3,2,31.4295656148385,62,0,4650,9300,4,43.8333333333333,1,6.8
850198,2,3,2,34.1669536080293,53,1,4650,15473.6868841673,0,20.0833333333333,2,5.4
861669,2,2.66666666666667,2.33333333333333,42.1625892958652,33,1,4650,4650,1,3.83333333333333,7,5.4
875961,1.85714285714286,2.66666666666667,2.33333333333333,31.4295656148385,65,1,4650,9300,4,43,2,7
842327,1.57142857142857,2.33333333333333,2.66666666666667,28.5706985484666,47,0,4634.02420184538,4634.02420184538,1,16.5,20,4.6
866619,1.85714285714286,3,2,31.4295656148385,48,1,4616,5494.07765797896,0,5.16666666666667,5,2.6
887698,1.14285714285714,3,2,31.4295656148385,72,1,4606,6280,3,50,1,5.4
826020,2.14285714285714,2.66666666666667,2.33333333333333,34.1669536080293,34,1,4570,6910,0,4,15,5.2
804522,1.85714285714286,2.33333333333333,2.66666666666667,34.1669536080293,34,1,4560.21714707437,9382.31544222137,2,7,6,6.6
808794,1.57142857142857,3,2,31.4295656148385,62,0,4560.21714707437,10210.2171470744,3,25.0833333333333,4,3.8
864907,3.42857142857143,3,2,3.3664606634298,56,1,4517,4517,3,25,48,5.2
800570,2.85714285714286,2.33333333333333,2.66666666666667,33.9399930052343,41,1,4500,4500,2,20.0833333333333,5,5.4
825072,3.14285714285714,3,2,31.4295656148385,37,1,4500,7200,0,9,25,6
826126,1.71428571428571,3,2,31.4295656148385,62,1,4500,4500,4,39.5833333333333,1,5.8
831738,2.42857142857143,3,2,42.7394980888587,32,0,4500,9100,2,11.25,50,5.8
831892,2.14285714285714,3,2,28.0849805639831,31,0,4500,10000,1,14.8333333333333,2,5.6
846600,3.42857142857143,2.66666666666667,2.33333333333333,16.3447896692113,50,1,4500,4500,2,15,6,4.4
859298,2.57142857142857,2.66666666666667,2.33333333333333,27.1055613642087,32,1,4500,15400,1,6.25,4,5.8
859738,2,3,2,-8.44752724790846,69,1,4500,5500,2,40.6666666666667,2,5.8
868807,1.28571428571429,4,1,18.8471415643243,63,1,4500,4500,1,40.5,1,6.6
869122,1.71428571428571,3,2,31.4295656148385,40,0,4500,7600,0,22.9166666666667,1,6.4
880419,1,3.66666666666667,1.33333333333333,34.1669536080293,48,1,4500,8250,2,22.8333333333333,10,6
885705,2,3,2,34.1669536080293,33,1,4500,6400,3,8.16666666666667,2,5.8
886297,1.28571428571429,2,3,15.34527721167,39,1,4500,4500,0,0.75,NA,6
888967,1,3.33333333333333,1.66666666666667,30.6664497441522,34,0,4500,6100,3,17,1,5.6
889837,3.28571428571429,2.66666666666667,2.33333333333333,31.0042482423028,53,0,4500,20500,0,0.5,3,5
896847,1.28571428571429,3,2,29.4949558176877,68,1,4500,5500,3,47.5,2,4.4
898035,3,3,2,30.3276341191339,33,1,4500,6700,1,12.4166666666667,1,6
805484,2.71428571428571,3,2,18.71512155073,60,1,4447.31303656325,7132.92960353294,1,15,3,6
876028,2.57142857142857,3,2,28.9264258352536,57,1,4447.31303656325,10117.9584874788,3,33.6666666666667,2,5.6
855963,1.85714285714286,3.66666666666667,1.33333333333333,31.4295656148385,50,1,4430,5308.07765797896,1,20,1,6.2
804776,1,3,2,39.8401282530405,73,0,4427,4427,3,44.5,2,5.8
810775,2.57142857142857,3,2,-4.76364169072618,47,1,4400,8150,2,20.0833333333333,2,4.8
814947,3,1.66666666666667,3.33333333333333,-4.76364169072618,53,1,4400,6550,1,29.9166666666667,30,4.8
892279,3.14285714285714,2.66666666666667,2.33333333333333,24.0613173017722,39,1,4400,7200,1,7,10,5.2
817410,1.57142857142857,3,2,24.3193086111829,71,0,4380,4380,3,11.9166666666667,3,4.2
807559,1.85714285714286,3,2,31.4295656148385,50,1,4354.47730883071,6908.01684514484,0,26.8333333333333,8,6
813277,2.28571428571429,3,2,42.1625892958652,46,1,4354.47730883071,6037.52072640007,3,22.1666666666667,20,4.6
819937,2.28571428571429,2,3,9.50324775786055,35,1,4354.47730883071,4648.93153774377,2,12,2,5.4
826358,2.71428571428571,3,2,27.7108140152531,58,1,4354.47730883071,5327.13646519571,2,35.0833333333333,4,5.8
829586,1.28571428571429,3.33333333333333,1.66666666666667,29.3022074821387,60,1,4354.47730883071,4354.47730883071,2,37.0833333333333,1,3.8
841723,1.42857142857143,3,2,45,61,1,4354.47730883071,9472.50912601064,2,43.5,4,6
855609,3.28571428571429,3.66666666666667,1.33333333333333,33.6207860851233,52,0,4354.47730883071,4354.47730883071,0,NA,3,2.4
858953,2.28571428571429,2,3,29.00641590227,47,1,4354.47730883071,4354.47730883071,2,NA,6,5
837741,3.42857142857143,2.66666666666667,2.33333333333333,32.7068268793835,54,1,4350,7250,0,23.25,6,3.8
831665,2,3,2,-4.76364169072618,57,1,4339,7754,3,27.1666666666667,4,5.8
853195,2.14285714285714,2.66666666666667,2.33333333333333,33.6207860851233,46,0,4333,10952,2,25.3333333333333,1,5.2
877355,1,3.33333333333333,1.66666666666667,31.4295656148385,69,1,4325,4325,0,0.0833333333333333,0,6
876065,2.28571428571429,3,2,37.2522279638919,68,1,4311,5911,2,47.4166666666667,3,6
822744,1,4,1,31.4295656148385,81,1,4310,5147,2,50,2,6.4
834613,2.14285714285714,3,2,31.4295656148385,40,1,4300,8000,2,13.6666666666667,3,6
843209,2.28571428571429,2.66666666666667,2.33333333333333,29.0339866910023,37,1,4300,8300,2,10.3333333333333,2,5.4
872540,3.14285714285714,3,2,34.1669536080293,32,0,4300,4300,0,0,1,4.6
889047,2.28571428571429,3,2,34.1669536080293,38,1,4300,7003.94985456086,0,5.5,NA,5.8
862756,2.71428571428571,3,2,33.6207860851233,28,0,4285.12265481229,10145.1926272928,0,3,10,4
869061,2,2.33333333333333,2.66666666666667,32.2979774958722,29,0,4285.12265481229,8285.12265481229,1,4.41666666666667,NA,6.6
824447,2,3,2,26.446180435778,68,0,4275,7583.74566847916,3,49.25,5,6
839669,1.42857142857143,2.66666666666667,2.33333333333333,19.3443292721212,62,1,4261.99302140902,4261.99302140902,3,39.5,1,6
890100,1.57142857142857,3,2,42.1625892958652,56,1,4261.99302140902,6798.35622702385,2,36.75,NA,5.4
814175,1,2.66666666666667,2.33333333333333,34.1669536080293,69,1,4250,5019,2,NA,1,5.8
821951,1.85714285714286,2.33333333333333,2.66666666666667,28.1062698208019,69,1,4250,5290,2,49.5833333333333,3,5.4
870010,2.85714285714286,2,3,31.4295656148385,36,1,4244.12422588478,4244.12422588478,0,2.25,6,6
834594,1.14285714285714,2.66666666666667,2.33333333333333,3.3664606634298,55,0,4228,4228,1,22.25,5,5.8
873016,2.28571428571429,3,2,31.4295656148385,50,1,4225.09855407102,5197.75771043602,0,27.25,8,6.2
848257,3.71428571428571,3,2,42.1625892958652,39,0,4225,4225,1,3.25,3,5.8
850900,2.71428571428571,2.33333333333333,2.66666666666667,26.565051177078,67,1,4204.69957223296,4204.69957223296,2,44,3,6
859628,2.14285714285714,3.33333333333333,1.66666666666667,34.1669536080293,46,0,4204,4204,1,13.25,9,5.4
809405,2.14285714285714,2.66666666666667,2.33333333333333,31.4295656148385,40,0,4200,4200,0,NA,NA,4.6
815823,1,2.66666666666667,2.33333333333333,31.4295656148385,69,0,4200,4200,2,10.1666666666667,5,6.2
851596,3,2.66666666666667,2.33333333333333,31.4295656148385,54,1,4200,7168,1,30.1666666666667,5,4.8
859954,1.85714285714286,3.33333333333333,1.66666666666667,31.4295656148385,56,0,4200,4200,4,27,4,4.8
860632,2.28571428571429,2.66666666666667,2.33333333333333,45,47,1,4200,4200,0,1,NA,5
880484,2.57142857142857,3.33333333333333,1.66666666666667,42.1625892958652,49,0,4200,8210,2,18.1666666666667,4,3
811621,2.28571428571429,3.33333333333333,1.66666666666667,27.076607043665,49,0,4194.11138362225,7729.36144779326,2,11,1,5.4
890768,3.71428571428571,2,3,26.2473329206733,57,1,4176.52718807257,7622.64110148442,3,NA,NA,5.2
800009,1.28571428571429,3.66666666666667,1.33333333333333,26.3354100038813,63,1,4153.98371603206,6442.36359407611,3,17.5833333333333,14,4.8
857424,2.14285714285714,2,3,23.8925023080266,34,1,4150,4150,0,6,5,5.6
830279,3.14285714285714,3.33333333333333,1.66666666666667,28.5684077252495,57,1,4109,NA,2,26.25,12,3.8
837625,1,3,2,34.2440149844467,61,1,4100,7300,2,40.0833333333333,3,5
855255,2.14285714285714,3,2,29.8047514731801,60,0,4100,6300,0,18,NA,5.4
866531,2.57142857142857,3,2,42.1625892958652,71,1,4100,7400,0,30.5,NA,5
870593,2.57142857142857,2.66666666666667,2.33333333333333,31.4295656148385,55,1,4100,4100,1,NA,NA,4.8
814462,1.42857142857143,2.66666666666667,2.33333333333333,31.4295656148385,24,0,4065.27511882364,4065.27511882364,0,8.16666666666667,3,5
816952,1.85714285714286,2,3,28.5706985484666,57,1,4050,7507.74260460055,3,39.75,3,6.6
806301,2.14285714285714,3.33333333333333,1.66666666666667,19.7671686767917,70,0,4048.25646805204,4048.25646805204,3,48.5,1,5.6
842593,1.28571428571429,3,2,39.7769518241593,76,0,4048.25646805204,4048.25646805204,0,45.25,1,4
856817,2.14285714285714,3.33333333333333,1.66666666666667,31.4295656148385,76,1,4048.25646805204,4929.09975297677,2,52,1,5.6
867010,1.14285714285714,3.33333333333333,1.66666666666667,31.4295656148385,67,0,4048.25646805204,4048.25646805204,3,34.5,2,5.6
874295,2,2.33333333333333,2.66666666666667,28.5138721318481,76,1,4048.25646805204,4886.20273855121,2,52.6666666666667,1,5
894378,2.28571428571429,3.33333333333333,1.66666666666667,34.1669536080293,72,1,4048.25646805204,5326.28260536249,2,45.3333333333333,NA,6
896896,1.71428571428571,3.33333333333333,1.66666666666667,31.4295656148385,79,0,4048.25646805204,4048.25646805204,0,34.8333333333333,3,3.8
804031,2.71428571428571,3,2,31.4295656148385,68,0,4039,NA,2,41.5833333333333,3,5
822814,1.57142857142857,3,2,30.393262645553,35,1,4008.59152334585,4981.25067971084,2,10.6666666666667,3,5.8
826553,1.71428571428571,1.66666666666667,3.33333333333333,21.4833237632203,51,1,4008,5315.90950879188,1,26,20,5.8
842837,1.85714285714286,3,2,14.5919562019654,64,1,4002,5022,3,43.5833333333333,NA,6
803628,2,3,2,32.5312717300449,44,0,4000,7600,0,8.5,4,5.2
805319,1.57142857142857,2.33333333333333,2.66666666666667,26.1139126302907,55,1,4000,7391.22694966811,1,34.3333333333333,20,3.6
807299,1.85714285714286,2.66666666666667,2.33333333333333,18.434948822922,45,1,4000,4000,1,19.25,NA,6
807418,2.14285714285714,3,2,43.6324559955424,49,1,4000,7362.38457690963,2,27.3333333333333,1,5.4
808175,2,3,2,31.4295656148385,53,1,4000,4000,1,14.25,NA,4.2
813497,2.28571428571429,3,2,31.3540487207793,61,1,4000,4000,3,39.4166666666667,2,4
815985,3.14285714285714,3,2,36.1646267865505,26,1,4000,4000,0,4,NA,7
822973,1.42857142857143,3.33333333333333,1.66666666666667,31.4295656148385,45,0,4000,4000,2,20,3,5.6
823806,2.57142857142857,3,2,34.1669536080293,55,1,4000,4000,2,26.4166666666667,3,6
828756,3,3,2,17.1804972002405,73,1,4000,5250,2,53,4,3.8
839099,2.42857142857143,2.66666666666667,2.33333333333333,31.4295656148385,51,1,4000,5000,3,32.5833333333333,1,5.8
841986,2,2,3,31.4295656148385,35,0,4000,9000,0,7,1,5.8
843133,1,3,2,45,33,0,4000,6125.41591619464,0,8.16666666666667,NA,4.4
850631,2.85714285714286,3.66666666666667,1.33333333333333,23.8138235596009,53,1,4000,4000,3,NA,NA,3.6
851876,3,3,2,34.1669536080293,44,1,4000,5170,2,22.5833333333333,1,6
852262,2.14285714285714,2.66666666666667,2.33333333333333,31.3540487207793,26,0,4000,5200,0,4.33333333333333,25,5.2
853338,1.28571428571429,4,1,34.286876977209,66,0,4000,8023,2,45.5,1,5.8
856076,2,3,2,11.7682889320206,65,1,4000,7000,2,45,1,4.4
858587,2,2.66666666666667,2.33333333333333,29.00641590227,65,1,4000,4800,2,38,3,4.4
861352,1.28571428571429,3.66666666666667,1.33333333333333,34.1669536080293,34,1,4000,8285.12265481229,1,7.41666666666667,5,6.8
862475,1.71428571428571,3.66666666666667,1.33333333333333,34.1669536080293,69,0,4000,4000,2,17,4,6
862719,3.28571428571429,2.66666666666667,2.33333333333333,23.8864999216347,31,1,4000,7150,0,5.08333333333333,8,4.4
865890,1.42857142857143,2.33333333333333,2.66666666666667,34.1669536080293,55,1,4000,4500,3,32.6666666666667,1,5.6
865954,1.85714285714286,3,2,31.4295656148385,78,1,4000,4000,2,19.5,6,6.2
868801,1.85714285714286,3,2,27.1557083917247,58,1,4000,7100,2,30,NA,6.4
869826,4,4,1,34.278030940609,29,1,4000,5000,0,5,NA,5.8
872763,2.42857142857143,3.66666666666667,1.33333333333333,34.1669536080293,51,0,4000,12000,2,23,3,5.6
874993,1.57142857142857,1.33333333333333,3.66666666666667,11.7682889320206,35,0,4000,4000,0,0,0,1.8
879675,1.28571428571429,3,2,11.0937230115579,54,0,4000,8572.65915636499,1,25.3333333333333,3,5
886056,2.57142857142857,3,2,31.5397967775998,47,1,4000,5800,1,12.6666666666667,5,4.4
886581,2.71428571428571,2.33333333333333,2.66666666666667,-4.76364169072618,62,1,4000,8250,2,26.4166666666667,NA,5.2
890856,3.28571428571429,2.33333333333333,2.66666666666667,17.5255683737229,61,0,4000,4000,0,24.1666666666667,20,5.6
891714,2.14285714285714,3,2,29.3863799603509,87,1,4000,5000,2,65.0833333333333,5,5.6
806683,1.57142857142857,3,2,12.2540099144716,53,1,3990,8790,3,34.1666666666667,3,4.4
805139,2.28571428571429,3.66666666666667,1.33333333333333,30.8346152492318,37,1,3980,6516.36320561483,0,9.08333333333333,8,5.6
860287,2.42857142857143,3.33333333333333,1.66666666666667,34.1669536080293,31,0,3975,8475,0,12.25,15,6
899511,1.28571428571429,3,2,25.8024236115965,46,0,3950.22711674066,3950.22711674066,0,NA,NA,5
826309,1,3.33333333333333,1.66666666666667,34.1669536080293,57,1,3950,3950,0,4.58333333333333,10,4.2
843286,2.14285714285714,2.33333333333333,2.66666666666667,25.7099537808113,50,1,3950,3950,0,9.5,5,5.8
880603,1.57142857142857,3,2,38.4347418154248,66,1,3946,3946,0,0.5,NA,6
811776,1.42857142857143,3.33333333333333,1.66666666666667,31.4295656148385,76,1,3936,4684,3,54.25,1,5.4
840914,2.14285714285714,3,2,5.53560657135693,65,1,3925,3925,2,44.5,NA,6.4
803729,2.14285714285714,3,2,26.565051177078,37,1,3900,4850,2,18.8333333333333,1,6.2
813644,2.57142857142857,2.66666666666667,2.33333333333333,18.434948822922,33,1,3900,9900,2,9.5,4,6
829049,2.57142857142857,2.66666666666667,2.33333333333333,26.565051177078,50,0,3900,6500,3,25.5,3,5.8
845367,1.71428571428571,2.66666666666667,2.33333333333333,33.8327715385266,46,1,3900,4427.19773606184,2,NA,NA,4
867269,1.71428571428571,3,2,29.7448812969422,58,1,3900,6150,2,40,1,5.6
887408,1.14285714285714,2.66666666666667,2.33333333333333,31.4295656148385,84,1,3900,3900,3,44.5833333333333,NA,5.2
849200,2.28571428571429,3,2,34.1669536080293,58,1,3895.647721145,3895.647721145,0,NA,NA,4.8
853527,2.14285714285714,3,2,38.5956472736159,53,1,3895.647721145,5860.0699724805,2,34.9166666666667,1,3
866503,1.71428571428571,4,1,38.0831627978137,61,1,3895.647721145,4602.94996676686,2,5.16666666666667,2,5.4
876730,1.28571428571429,3.66666666666667,1.33333333333333,34.1669536080293,52,1,3895.647721145,10030.4215467038,2,19,4,4.8
834871,3,3,2,26.1429904539809,68,1,3892.82361727129,3892.82361727129,1,20.1666666666667,11,6
885989,2.71428571428571,3,2,23.3109350353842,66,1,3892.82361727129,5142.82361727129,2,40.25,NA,4.6
843444,1,3.66666666666667,1.33333333333333,21.847991410652,81,1,3881,3881,4,25.1666666666667,11,2
829782,1,3,2,38.4347418154248,72,1,3861.86003360732,3861.86003360732,2,40.1666666666667,5,4.4
800714,2.71428571428571,2.66666666666667,2.33333333333333,24.9196643698324,39,0,3850,3850,2,15,4,5
814926,2.42857142857143,2.66666666666667,2.33333333333333,31.4295656148385,40,1,3850,3850,2,17,1,5
813092,2,3,2,27.8972710309476,78,1,3846.39374881749,3846.39374881749,3,29,2,2.6
836129,3.14285714285714,2.66666666666667,2.33333333333333,17.2589542929041,39,1,3841.20208297174,6629.60257972105,2,21.5,1,5
883187,2,3,2,31.4295656148385,70,1,3834.02818348186,5065.71224179375,0,49.3333333333333,NA,6
869848,1.14285714285714,3,2,28.1013513059618,60,1,3825,12189.3632056148,2,38.25,20,6.4
881408,2,3.33333333333333,1.66666666666667,34.1669536080293,31,1,3808,3808,0,0.666666666666667,NA,5.6
800674,3.14285714285714,2.66666666666667,2.33333333333333,22.2296210912378,62,1,3804.97976706659,6522.51727254265,0,15.1666666666667,2,5.4
899411,3.14285714285714,2.66666666666667,2.33333333333333,4.99676066457135,55,1,3804.97976706659,6258.22130864643,2,27.25,19,4
836587,1.57142857142857,2.66666666666667,2.33333333333333,17.8282083320582,78,0,3800.05717490343,3800.05717490343,2,46.1666666666667,1,4.6
803515,1,4,1,30.8346152492318,51,1,3800,8079.60890507432,2,31.25,2,6
826370,1.71428571428571,4,1,42.0535526199877,55,1,3800,4526,6,36.1666666666667,1,6
830514,1.85714285714286,3,2,19.470302009467,39,1,3800,6758.58278066738,1,12,2,5.6
837246,1.71428571428571,2,3,18.434948822922,41,1,3800,4287.70720402983,2,11.5833333333333,2,5
839529,1.57142857142857,3,2,25.8663567940945,67,1,3800,4730,1,50.1666666666667,6,6.4
845169,2,2.66666666666667,2.33333333333333,18.434948822922,47,0,3800,9800,0,14.75,NA,6
847671,1.42857142857143,3.33333333333333,1.66666666666667,22.2936291596941,66,1,3800,5300,4,45.1666666666667,6,6.6
878964,2.14285714285714,2.33333333333333,2.66666666666667,18.434948822922,71,1,3800,4000,2,47,3,5.2
882653,1.85714285714286,3,2,27.017079506598,54,0,3800,6800,1,20.5,4,5.6
887850,2.42857142857143,3.33333333333333,1.66666666666667,28.5706985484666,57,0,3800,6253.24154157984,2,4,7,2.2
892068,2,3.33333333333333,1.66666666666667,34.1669536080293,48,0,3800,7000,0,16.5,6,5.6
804861,1.42857142857143,2.66666666666667,2.33333333333333,24.1633246350565,58,0,3796.92249981296,3796.92249981296,0,24.5,10,4.4
842239,1.85714285714286,2.33333333333333,2.66666666666667,31.4295656148385,48,1,3790,8210,2,18.5833333333333,4,2.6
861251,3,3.33333333333333,1.66666666666667,23.3012097105102,41,1,3790,7093.89932632692,3,18.5,NA,6
882440,2,3,2,32.6609127216738,69,1,3790,3790,2,22.25,2,4.2
812734,2,2.33333333333333,2.66666666666667,34.1669536080293,65,1,3783,6033,0,38,7,6.2
834292,1.71428571428571,3,2,17.969139740157,70,1,3770,3770,0,1.5,0,5.8
827700,2.28571428571429,3,2,34.1669536080293,38,0,3769,8369,3,13.3333333333333,4,5.8
830877,1,3,2,17.9561651526267,76,1,3760,4593,3,58.1666666666667,1,4.6
854391,2,3,2,8.16297428371801,65,1,3756.8199877594,7722.03101758783,2,36,7,5.4
868569,1.85714285714286,4,1,33.479680052289,57,1,3750,7740,3,30.25,5,5.6
873410,2.71428571428571,3,2,34.1669536080293,35,1,3750,3750,0,0.333333333333333,6,2.4
881881,1.42857142857143,3,2,27.8719525264033,56,1,3750,5250,2,30,15,5
839825,1.42857142857143,3,2,31.1793152573825,67,1,3745,3745,1,46.1666666666667,1,3.8
802145,1.71428571428571,3,2,18.2458545275783,75,1,3738.42119318123,3839.74300196568,2,58,2,5.2
864071,1.85714285714286,3.33333333333333,1.66666666666667,29.00641590227,79,1,3738.42119318123,3738.42119318123,2,NA,2,4.4
801055,3,3.33333333333333,1.66666666666667,34.1669536080293,55,0,3736.44813569691,7814.54216017294,0,15.6666666666667,15,6.8
882864,1.57142857142857,2.33333333333333,2.66666666666667,36.1581854398083,33,1,3730,3730,2,15,1,5.6
803540,2,3,2,31.4295656148385,49,1,3714.68777808178,6134.80841937391,0,20.9166666666667,15,6.8
880111,2,2.33333333333333,2.66666666666667,18.434948822922,47,1,3714.68777808178,6350.9657269765,3,20,5,2
826809,1.42857142857143,3.33333333333333,1.66666666666667,29.0339866910023,30,0,3710,7630,0,NA,15,6
833438,2.28571428571429,3,2,31.4295656148385,33,0,3706,6956,2,16.6666666666667,1,5.6
800440,3.28571428571429,2.33333333333333,2.66666666666667,25.8476102205963,30,0,3700,6600,0,3.25,7,7
819744,1,3,2,27.7108140152531,71,1,3700,3700,2,11,2,4.4
825204,3.85714285714286,3.66666666666667,1.33333333333333,34.1669536080293,27,1,3700,5300,1,7.16666666666667,3,6.2
829299,3.14285714285714,2.33333333333333,2.66666666666667,28.3690462932786,47,1,3700,5100,3,20,2,4.6
867428,2.85714285714286,1.66666666666667,3.33333333333333,7.65770969371388,61,1,3700,NA,1,30.4166666666667,1,3.8
869589,2.42857142857143,3,2,27.635875631865,34,1,3698,9698,3,13.5,8,5
859381,1.85714285714286,2.66666666666667,2.33333333333333,34.1669536080293,45,1,3695,5184,2,11.4166666666667,1,3.6
893014,1.71428571428571,2.66666666666667,2.33333333333333,17.2095575205479,69,1,3669.2819098385,3924.95976700785,2,34.9166666666667,1,4.2
853671,2.57142857142857,2.66666666666667,2.33333333333333,25.4975514933378,31,0,3667,3667,0,4.91666666666667,40,2.6
828955,2.85714285714286,3,2,27.1496816977832,76,0,3661.61300002716,3661.61300002716,2,40.25,2,6
852188,1,3.66666666666667,1.33333333333333,31.4295656148385,69,1,3661.61300002716,3661.61300002716,0,0.0833333333333333,5,6
889834,2.14285714285714,2.66666666666667,2.33333333333333,23.6142720680716,80,1,3661.61300002716,3661.61300002716,3,45.3333333333333,1,6.2
831359,2.14285714285714,2.66666666666667,2.33333333333333,20.3141647377361,44,1,3655.52318326053,6317.86188414025,0,16.0833333333333,1,6
897177,1.42857142857143,3,2,-0.747293876826056,81,0,3647,3647,0,NA,NA,4.8
870986,2.14285714285714,2.66666666666667,2.33333333333333,23.1601627665509,72,1,3641.68627538749,4776.31092747851,2,30.1666666666667,5,4.6
874652,1.85714285714286,2.66666666666667,2.33333333333333,34.5085229876684,39,1,3638,6215.4142108627,0,11.75,NA,5
822317,2,3,2,32.9052429229879,65,0,3624,3624,2,8.16666666666667,16,4.6
879531,2.42857142857143,3,2,20.3441012559184,66,1,3620.24686817891,3620.24686817891,3,47.3333333333333,1,2
826522,1.42857142857143,3.33333333333333,1.66666666666667,37.6942404666892,71,0,3603.29373809158,5203.29373809158,2,26.0833333333333,2,5.4
804675,1.85714285714286,3.33333333333333,1.66666666666667,40.8239094723954,69,0,3600.35760414723,3600.35760414723,2,49.9166666666667,1,5.4
811535,1.85714285714286,3,2,33.486168815513,32,1,3600,8100,0,9.5,10,6.8
817950,1.71428571428571,3,2,29.2192466904846,71,1,3600,3600,2,31.1666666666667,4,5.4
835183,2.28571428571429,2.66666666666667,2.33333333333333,31.4295656148385,29,0,3600,5800,0,2.5,30,5.8
844491,1.71428571428571,2.66666666666667,2.33333333333333,24.389056254087,52,1,3600,8572.65915636499,1,25.5,25,6.8
846179,1,3,2,19.9403005683304,59,0,3600,3600,0,10,3,5.4
847479,2.57142857142857,2,3,32.9386905429555,35,1,3600,3600,2,10,20,4.4
852545,2.14285714285714,2.66666666666667,2.33333333333333,34.4690721473252,45,0,3600,5800,0,29.6666666666667,7,4.8
856289,2.42857142857143,2.33333333333333,2.66666666666667,32.7068268793835,32,1,3600,5000,2,11.75,1,5.8
865328,1.57142857142857,2.66666666666667,2.33333333333333,31.4295656148385,65,1,3600,7350,1,27.25,19,6
872186,1.42857142857143,4,1,34.1669536080293,79,1,3600,3600,0,13.25,NA,5.2
882699,1.28571428571429,2.66666666666667,2.33333333333333,31.4295656148385,58,0,3600,3600,0,NA,NA,4.8
895938,2.42857142857143,3,2,29.4949558176877,39,0,3600,7200,1,8.08333333333333,10,6
802136,1.28571428571429,3,2,32.2979774958722,73,0,3585.07049368632,3585.07049368632,2,29.75,1,5.2
815356,1.14285714285714,3.66666666666667,1.33333333333333,31.7694915785975,70,1,3585.07049368632,4463.14815166527,2,33,3,5.8
864929,2.28571428571429,3,2,21.5197611534196,44,1,3565,5771.65631877431,1,18,3,5.6
866912,1.71428571428571,3,2,27.464238461554,73,1,3542,4965.65154489533,2,43.1666666666667,2,5.4
819274,1,3,2,26.3376881660874,59,0,3535.25006417101,3535.25006417101,2,29,1,4.8
874600,1.57142857142857,3,2,32.375539993212,55,0,3535.25006417101,6839.14939049793,1,22.3333333333333,6,5.8
843045,1.57142857142857,3,2,18.434948822922,53,1,3534,3534,3,25,6,5.4
844573,1.85714285714286,3,2,31.4295656148385,29,0,3528.10475104377,3528.10475104377,0,1.5,10,4
811172,3.14285714285714,3,2,-1.39718102729638,68,1,3500,4900,3,39,1,4.8
816381,3.71428571428571,2.33333333333333,2.66666666666667,24.5534230834295,33,1,3500,3500,0,2.75,0,4.8
823910,1.28571428571429,3.66666666666667,1.33333333333333,34.1669536080293,69,1,3500,4700,2,47.5,1,6
825708,2.28571428571429,4,1,38.0238035229552,45,1,3500,3500,0,20,10,5.6
831649,1.42857142857143,3,2,15.2125828686205,65,1,3500,3500,3,50.5,NA,5.4
834408,1.57142857142857,3,2,25.631597650414,41,1,3500,6500,0,11.4166666666667,2,6.6
843148,2.71428571428571,2.66666666666667,2.33333333333333,29.0313225971025,49,1,3500,10661,1,30.1666666666667,2,4.8
847998,1.57142857142857,2.66666666666667,2.33333333333333,31.7078157349622,49,0,3500,6401,2,32.1666666666667,1,5.2
856491,1,3.33333333333333,1.66666666666667,17.7563503406541,77,1,3500,3500,2,50,1,5.4
857946,2.14285714285714,3,2,31.4295656148385,88,1,3500,3500,1,NA,2,4.8
865032,2.14285714285714,1.33333333333333,3.66666666666667,9.22392228210535,66,1,3500,5650.83530282733,0,30.5,4,6
866052,2,3,2,29.8047514731801,66,1,3500,4900,0,0.5,2,4.6
869782,2.14285714285714,3,2,42.1625892958652,32,0,3500,6000,2,9.75,5,5.4
872574,2,3,2,29.4949558176877,59,1,3500,3500,3,17.1666666666667,3,3
876107,2,2.66666666666667,2.33333333333333,21.8014094863518,42,1,3500,9154,0,22.25,1,6
876949,1.71428571428571,3,2,24.8116463170064,26,0,3500,3500,0,2.16666666666667,NA,4.4
877709,3,3,2,42.1625892958652,58,1,3500,7000,2,NA,NA,5.4
879055,3.57142857142857,2.66666666666667,2.33333333333333,21.5713071912546,45,1,3500,6500,3,NA,1,5.8
879306,1.14285714285714,3,2,2.77916686407208,64,1,3500,14977.4018591833,3,41.1666666666667,2,6.2
879968,1,3.33333333333333,1.66666666666667,28.2720360794327,58,1,3500,6813.12312022447,2,0.25,3,5
881179,2.14285714285714,3,2,18.2458545275783,76,1,3500,3500,2,1,2,4.4
886068,2.57142857142857,3,2,20.045249425421,51,1,3500,4700,0,12.5,3,2
890859,2,2.66666666666667,2.33333333333333,18.434948822922,27,1,3500,3500,0,8,15,6
897354,2.14285714285714,3.66666666666667,1.33333333333333,18.5910677267803,65,1,3500,6200,2,33.9166666666667,11,6
844784,1.57142857142857,2.66666666666667,2.33333333333333,34.1669536080293,38,1,3499.54851447201,7066.59226634033,0,2.75,NA,7
811657,1.28571428571429,2.33333333333333,2.66666666666667,23.4773998920929,58,1,3497,10236.9824450646,2,45.0833333333333,1,6.8
870016,2.28571428571429,3,2,31.4295656148385,49,1,3491,3691,1,29.4166666666667,4,3.2
819659,2.42857142857143,3.33333333333333,1.66666666666667,32.7068268793835,70,1,3490,3490,0,38,2,5.8
814981,1,3.66666666666667,1.33333333333333,48.3664606634298,83,1,3487.48834025757,4445.48834025757,4,59.1666666666667,1,4
894088,2.85714285714286,3,2,23.3440109615775,30,1,3483,5827,0,10.4166666666667,2,4.4
824237,2.42857142857143,3,2,29.4949558176877,64,1,3482,4976.11826284302,3,43.1666666666667,2,5.4
814834,2.28571428571429,1.66666666666667,3.33333333333333,18.434948822922,26,1,3478.94341065557,10236.9824450646,0,5,22,5.2
872656,2.14285714285714,2.66666666666667,2.33333333333333,34.1669536080293,26,1,3478.94341065557,4808.02141770917,0,NA,1,4.6
893075,3.85714285714286,2.66666666666667,2.33333333333333,8.26319335638999,34,1,3478.94341065557,6167.36007175312,0,0,NA,4.4
898730,1,3.33333333333333,1.66666666666667,42.1625892958652,51,1,3478.94341065557,6312.4741329072,0,7.16666666666667,30,5.4
895886,1,2.66666666666667,2.33333333333333,43.6324559955424,62,0,3475,10690,2,47,1,5.8
896578,1,2.66666666666667,2.33333333333333,34.1669536080293,74,1,3460,5360,2,32.5,2,2.2
854180,1.71428571428571,2,3,31.4295656148385,76,1,3458,3458,2,15.25,1,5.4
856439,2,3.33333333333333,1.66666666666667,31.4295656148385,77,1,3454.04720300306,4284.99372012664,2,42.3333333333333,24,2
807568,2.14285714285714,3,2,28.3690462932786,55,1,3450,3450,2,NA,NA,4.8
831207,2.28571428571429,2.33333333333333,2.66666666666667,34.1669536080293,67,0,3449,3449,1,12.5,NA,5.4
809777,1.57142857142857,2.66666666666667,2.33333333333333,30.3276341191339,47,1,3446.11391341185,6837.34086307996,0,26.1666666666667,2,6.6
811456,2.14285714285714,2.33333333333333,2.66666666666667,31.4295656148385,49,1,3446.11391341185,3446.11391341185,2,11,NA,4.2
813949,3.28571428571429,2.33333333333333,2.66666666666667,20.2018675465623,49,1,3446.11391341185,3446.11391341185,0,NA,NA,5.2
814010,2.42857142857143,3,2,31.4295656148385,57,0,3446.11391341185,NA,1,22.4166666666667,2,4.6
814492,2.14285714285714,2.66666666666667,2.33333333333333,20.3693133021872,35,0,3446.11391341185,3446.11391341185,2,11,1,5.4
828689,3.57142857142857,2.66666666666667,2.33333333333333,31.4295656148385,31,1,3446.11391341185,5982.47711902668,0,6.41666666666667,7,4.2
841864,2.85714285714286,3.33333333333333,1.66666666666667,34.1669536080293,31,0,3446.11391341185,6837.34086307996,0,8.08333333333333,5,6.4
846881,2.57142857142857,2.33333333333333,2.66666666666667,20.4899220181106,36,0,3446.11391341185,3446.11391341185,0,8.41666666666667,4,3.4
848046,3,2.33333333333333,2.66666666666667,24.5671713206013,47,0,3446.11391341185,7622.64110148442,2,NA,NA,5.4
851007,2.28571428571429,2.66666666666667,2.33333333333333,30.8346152492318,39,1,3446.11391341185,3446.11391341185,0,NA,NA,5
858691,1.71428571428571,3,2,34.1669536080293,49,0,3446.11391341185,3446.11391341185,0,8,NA,3.4
863476,2,2.66666666666667,2.33333333333333,34.1669536080293,30,1,3446.11391341185,3446.11391341185,0,6.33333333333333,6,4.8
881831,2.42857142857143,2.66666666666667,2.33333333333333,16.2491480161464,54,1,3446.11391341185,3446.11391341185,0,1.08333333333333,4,4.2
884707,2,2.66666666666667,2.33333333333333,16.4959884781886,42,0,3446.11391341185,3446.11391341185,0,NA,NA,3.6
885623,3,2.33333333333333,2.66666666666667,-2.65614720395712,54,1,3446.11391341185,3446.11391341185,0,NA,NA,4
892839,1.14285714285714,4,1,32.130825327331,33,1,3446.11391341185,5172.91878092367,0,5.41666666666667,1,5.8
897839,2.28571428571429,2.66666666666667,2.33333333333333,31.7594800848128,57,1,3446.11391341185,3446.11391341185,1,15.5,NA,4.4
898516,1.85714285714286,3,2,23.4773998920929,62,1,3446.11391341185,5008.11391341185,3,39.5,3,3
807260,2,3,2,31.4295656148385,64,0,3445.65819908655,3445.65819908655,0,16.1666666666667,2,5.2
802883,1.14285714285714,2.66666666666667,2.33333333333333,34.1669536080293,69,1,3442,6636,3,41.8333333333333,1,6
826046,1.85714285714286,3,2,31.4295656148385,44,0,3440,8383,0,8.91666666666667,1,5.2
808209,1.85714285714286,3.33333333333333,1.66666666666667,31.7078157349622,81,1,3432.79404639575,3432.79404639575,3,26,3,5.2
860784,1.14285714285714,4,1,29.8047514731801,66,1,3432.79404639575,5631.79404639575,2,49.5,1,7
820660,3,3,2,34.1669536080293,53,0,3431.52853173875,6788.90142536993,0,16.25,6,5.2
829544,2.14285714285714,3,2,31.4295656148385,63,1,3414,9994,4,29.9166666666667,2,3.8
864245,2.71428571428571,3,2,17.1027289690524,34,1,3414,6343,0,11.25,NA,5
892895,1.14285714285714,3,2,31.4295656148385,61,1,3412,6969,2,29.0833333333333,10,6.6
810452,1,3.66666666666667,1.33333333333333,8.3102771675242,73,1,3410,3410,2,38,8,5.6
803155,3,3,2,22.2956814478053,42,1,3400,3400,2,22,1,3.2
811749,2.42857142857143,2.66666666666667,2.33333333333333,31.7694915785975,32,1,3400,7020,0,8.66666666666667,1,6
812792,2.71428571428571,3,2,30.3276341191339,37,1,3400,3400,0,4,10,4.6
819076,1.28571428571429,3.66666666666667,1.33333333333333,36.9683439055163,60,1,3400,5800,3,42.0833333333333,1,3.4
830249,2.71428571428571,3,2,26.446180435778,60,1,3400,7600,2,40.8333333333333,NA,5.6
830487,2.57142857142857,2.33333333333333,2.66666666666667,33.6207860851233,56,1,3400,3400,0,22,15,4
830838,2.14285714285714,3,2,22.8097111038775,59,0,3400,8773.17662742524,3,42.5,1,5.4
838345,1.85714285714286,2.66666666666667,2.33333333333333,34.1669536080293,66,1,3400,4370,2,11.1666666666667,NA,5
839663,1,3,2,26.2502423696889,80,1,3400,3400,2,NA,2,4
851452,1.14285714285714,3,2,21.2505055071332,58,1,3400,7500,2,32.0833333333333,6,5.4
865011,2,3.33333333333333,1.66666666666667,34.1669536080293,25,1,3400,9994,0,5.16666666666667,18,5.2
866555,1.28571428571429,4,1,34.1669536080293,62,0,3400,3400,0,7.16666666666667,NA,5
869741,1.71428571428571,3,2,36.1646267865505,55,1,3400,5900,3,34.5833333333333,2,5
870480,1.42857142857143,2.66666666666667,2.33333333333333,26.7849955075022,71,0,3400,3400,3,28.25,6,6
892578,4.14285714285714,3.33333333333333,1.66666666666667,35.0097368892473,36,0,3400,3400,0,0,NA,2.2
887191,2.57142857142857,3,2,31.4295656148385,48,0,3394.5956645071,3394.5956645071,0,23,7,4.6
804098,2.14285714285714,3.66666666666667,1.33333333333333,31.4295656148385,24,0,3391.22694966811,NA,0,4.5,1,5.2
811611,1,2.66666666666667,2.33333333333333,5.68705337731503,58,0,3391.22694966811,7722.03101758783,2,38,1,5.4
817694,2,3,2,31.6540337299386,23,0,3391.22694966811,6216.22694966811,0,3.5,4,5.2
832345,1.85714285714286,2.33333333333333,2.66666666666667,42.1625892958652,43,1,3391.22694966811,8391.22694966811,2,13.5833333333333,4,5.8
851635,1.28571428571429,3.33333333333333,1.66666666666667,51.4698199851732,59,0,3391.22694966811,9472.50912601064,2,43.5,2,7
843762,2.14285714285714,2.66666666666667,2.33333333333333,24.4891407170368,52,0,3382,3382,1,9,8,4.8
813061,2.42857142857143,3.33333333333333,1.66666666666667,29.3960528549433,56,1,3366,3366,2,35.4166666666667,13,5.2
875012,1.85714285714286,3,2,31.4295656148385,72,0,3364.62642875806,3364.62642875806,0,18.9166666666667,3,6.2
865902,2.42857142857143,3,2,18.434948822922,31,1,3364,5289.55885103796,0,11.4166666666667,3,3.8
890579,2.42857142857143,3,2,34.1669536080293,64,0,3363,3363,1,30,NA,5.6
896215,1,3,2,29.4949558176877,64,1,3360,3360,1,26.8333333333333,6,5.2
818774,1.57142857142857,2.33333333333333,2.66666666666667,28.1013513059618,64,0,3358.78097594157,3358.78097594157,1,1.5,3,4.2
847692,1.85714285714286,2.33333333333333,2.66666666666667,12.7317135612665,54,1,3358.78097594157,4858.78097594157,0,9.5,1,6.8
863510,2.42857142857143,2,3,18.434948822922,49,1,3358.78097594157,6664.06595776286,3,28,1,5.6
864315,2,3,2,23.4212825941575,64,1,3358.78097594157,3358.78097594157,2,40.6666666666667,1,6
875238,1.85714285714286,3,2,31.4295656148385,59,0,3358.78097594157,3497.62272920916,3,23.3333333333333,1,1.6
883401,2,3,2,14.7967622450574,63,1,3358.78097594157,3358.78097594157,0,1.33333333333333,NA,4.4
895429,2.14285714285714,2.66666666666667,2.33333333333333,28.536410234479,63,0,3358.78097594157,3358.78097594157,1,15.4166666666667,NA,3
806198,3,2.66666666666667,2.33333333333333,18.2458545275783,37,1,3357.37289363118,4384.55350769971,2,9.83333333333333,5,4
818353,2.14285714285714,3,2,34.1669536080293,42,1,3357.37289363118,5645.75277167523,1,11,2,6
839978,1.28571428571429,2.66666666666667,2.33333333333333,33.6207860851233,52,1,3357.37289363118,5162.85235216493,0,31.0833333333333,2,5.2
840487,4.14285714285714,2,3,12.4529527938322,39,1,3357.37289363118,6661.27221995811,1,9,120,6
843615,1.28571428571429,3,2,16.0990859279985,49,1,3357.37289363118,3357.37289363118,2,32,3,5
850439,2.28571428571429,3,2,34.1669536080293,29,1,3357.37289363118,5162.85235216493,1,4.41666666666667,10,6
856695,3.71428571428571,2.66666666666667,2.33333333333333,34.1669536080293,45,1,3357.37289363118,4851.4911564742,2,15.4166666666667,25,4.6
859347,2.57142857142857,3.33333333333333,1.66666666666667,37.2751660736832,31,0,3357.37289363118,3357.37289363118,0,1.41666666666667,60,5.4
801004,2.14285714285714,3.33333333333333,1.66666666666667,26.0905628151708,57,1,3350,3350,2,34.1666666666667,5,5.8
856646,2.42857142857143,2,3,18.434948822922,63,1,3350,3350,2,14.5,15,4.2
866796,1.14285714285714,3,2,-4.76364169072618,52,1,3350,6840,0,NA,NA,6.6
899923,2.42857142857143,3,2,34.1669536080293,55,1,3350,4350,2,41.3333333333333,NA,4.8
890350,1.57142857142857,2.33333333333333,2.66666666666667,27.7839264122093,83,1,3340,4247,2,55.75,4,6
880368,1,3,2,34.1669536080293,59,1,3337,3337,0,5.5,5,6.8
854208,1.14285714285714,2.33333333333333,2.66666666666667,31.4295656148385,57,1,3334,6134,2,17.5,NA,5.4
889876,1.42857142857143,2.33333333333333,2.66666666666667,31.4295656148385,47,0,3305.28498182129,9092.27702190146,3,23,12,7
855459,1.85714285714286,2.66666666666667,2.33333333333333,48.3664606634298,46,1,3303.89932632692,6839.14939049793,1,22,NA,5.8
802902,1.71428571428571,3,2,31.5042667192042,39,0,3300,7654.47730883071,3,21,2,4.6
821377,2.42857142857143,3,2,19.5366549381284,67,1,3300,3300,0,39.1666666666667,1,5.8
826013,1.85714285714286,3.33333333333333,1.66666666666667,10.0079798014413,69,1,3300,5100,2,32.9166666666667,NA,3.6
829412,1.28571428571429,3,2,19.2126718171856,59,0,3300,15400,2,45,1,6
829528,3.85714285714286,2.33333333333333,2.66666666666667,18.434948822922,45,1,3300,5100,3,19.3333333333333,1,5.2
838485,3,3.33333333333333,1.66666666666667,31.4295656148385,38,0,3300,6300,0,8.25,NA,5
861746,1,2.66666666666667,2.33333333333333,13.4542521807035,66,1,3300,5000,0,49.6666666666667,8,5.4
868234,3,3,2,21.2028186438097,39,0,3300,9100,1,20.5,1,4
869140,1.28571428571429,2.66666666666667,2.33333333333333,13.526394594055,66,1,3300,6700,1,48,1,5.8
875534,2.28571428571429,2.66666666666667,2.33333333333333,7.75428569582291,55,1,3300,3800,2,39.5,1,6
861871,2.14285714285714,2,3,31.4295656148385,65,1,3289.81825396638,3895.93421528947,3,45,8,6
806195,1.14285714285714,3.66666666666667,1.33333333333333,22.6980577067475,79,0,3281.61572778412,3281.61572778412,0,3.41666666666667,1,5
812884,1.28571428571429,3,2,23.4773998920929,85,0,3281.61572778412,3281.61572778412,2,12,NA,5.4
817092,1.85714285714286,3,2,34.1669536080293,79,0,3281.61572778412,3281.61572778412,3,55.5833333333333,1,6
844427,2,3,2,28.7479142911396,69,0,3281.61572778412,4954.3892362328,1,30.5,2,3.2
853262,2.28571428571429,3,2,29.4949558176877,69,1,3281.61572778412,3281.61572778412,0,NA,NA,5.2
860888,1.85714285714286,3,2,23.3012097105102,72,1,3281.61572778412,6071.39472441239,0,55,1,6
877206,1.71428571428571,2,3,11.1214601948903,75,0,3281.61572778412,3281.61572778412,0,43.3333333333333,NA,1.6
852105,2,2.66666666666667,2.33333333333333,7.93826452354549,69,1,3280,4960,2,45.6666666666667,1,5.8
845867,1.85714285714286,2,3,29.4949558176877,57,0,3275,7831.69460534756,3,11,NA,5.6
805062,1.85714285714286,3,2,20.1155164732357,61,0,3272.28887019168,NA,3,32.1666666666667,6,1.6
808236,1.14285714285714,3,2,28.9797076979288,63,1,3272.28887019168,5032.01307262598,2,21.6666666666667,5,5.6
825354,2,2,3,19.9403005683304,59,0,3272.28887019168,3272.28887019168,0,42.5833333333333,2,4
882470,2.42857142857143,2.33333333333333,2.66666666666667,25.2439990025354,42,1,3269.03222240291,3269.03222240291,0,2.91666666666667,12,4.4
878085,2.28571428571429,3,2,36.1646267865505,74,1,3256,3256,3,40.8333333333333,1,4.6
867864,1.14285714285714,2.66666666666667,2.33333333333333,24.2539197243166,69,1,3251.51404347184,5668.98095364044,2,NA,2,5.2
801626,1,2.66666666666667,2.33333333333333,45,36,1,3250,3250,0,10,15,5.8
802032,2.42857142857143,3,2,34.1669536080293,73,1,3250,3250,2,51.3333333333333,2,5.8
808227,2.85714285714286,3.33333333333333,1.66666666666667,30.8346152492318,73,1,3250,3250,2,50.5,NA,5.2
811334,2.14285714285714,2.66666666666667,2.33333333333333,34.1458197960888,69,0,3250,5057.53890899074,3,24.3333333333333,4,5.2
852603,1.85714285714286,3,2,31.4295656148385,40,1,3250,5042,1,10.4166666666667,7,3.8
883166,2.71428571428571,3,2,31.4295656148385,31,1,3250,4810,0,5.83333333333333,28,3
866113,1.14285714285714,2.66666666666667,2.33333333333333,31.4295656148385,65,1,3235,5835,2,42.3333333333333,NA,2
880303,1.71428571428571,2.66666666666667,2.33333333333333,49.5502811376638,61,1,3230,3230,0,2,1,5.4
827587,2.42857142857143,3,2,28.6104596659652,69,1,3229.34876041233,7277.60522846437,2,49.5,NA,4.2
892892,2.71428571428571,3.66666666666667,1.33333333333333,32.2979774958722,72,0,3229.34876041233,6814.41925409864,2,36,4,5.8
833291,1.57142857142857,3.66666666666667,1.33333333333333,42.1625892958652,83,1,3206.44622997609,4093.43918412566,2,67.25,1,3.8
874145,1.85714285714286,3,2,26.0295921915135,59,1,3206,3206,0,2,3,3
873889,1,3.33333333333333,1.66666666666667,11.0937230115579,68,1,3200.44490144601,4036.91811833259,3,43.1666666666667,50,6.8
811602,4.28571428571429,3,2,28.4348678788463,29,0,3200,6000,1,15,1,6
816677,2.85714285714286,2.66666666666667,2.33333333333333,34.1669536080293,30,0,3200,5450,0,3.66666666666667,6,5.2
818191,1.57142857142857,3,2,39.3076481161066,56,0,3200,8200,3,28.25,3,5
826818,2.28571428571429,3,2,29.2393434204613,67,1,3200,4148.00959938078,3,24.5,8,4
833639,2.42857142857143,3,2,27.076607043665,50,0,3200,3200,1,12,10,5.2
837606,1.71428571428571,2.66666666666667,2.33333333333333,22.3801350519596,50,1,3200,3580,1,25,1,5.8
840652,2,2.33333333333333,2.66666666666667,37.7809791751303,66,0,3200,4400,0,38.1666666666667,2,5.6
846267,2.71428571428571,3.66666666666667,1.33333333333333,34.1669536080293,25,0,3200,3200,0,0,0,5.4
857641,1.42857142857143,3.66666666666667,1.33333333333333,42.1625892958652,48,0,3200,10700,2,18.8333333333333,3,6.4
859240,1.71428571428571,2.66666666666667,2.33333333333333,17.2759437640286,66,1,3200,3408,2,50,2,3.2
867184,1.71428571428571,3,2,28.6518284526488,85,0,3200,3200,0,0,0,3.6
878582,2,2.66666666666667,2.33333333333333,9.05072167718372,68,1,3200,3200,0,0.25,3,5.8
882763,2.42857142857143,2.66666666666667,2.33333333333333,31.4295656148385,69,1,3200,4700,3,51.1666666666667,1,5.2
898449,2.14285714285714,3.66666666666667,1.33333333333333,30.9186772498622,43,1,3200,3525,0,9.41666666666667,10,4
899743,3,2.66666666666667,2.33333333333333,31.4295656148385,41,1,3200,5500,3,20.0833333333333,1,6
892675,1.42857142857143,3.33333333333333,1.66666666666667,31.4295656148385,78,1,3197,3197,1,28.3333333333333,6,6.4
878134,1,3,2,13.2127468783352,61,1,3185,4685,2,24,30,1
805532,3.42857142857143,4,1,16.7479030584,55,1,3181.09730785417,3181.09730785417,1,13,30,5.6
831848,2.42857142857143,2,3,27.4567422845999,56,1,3181.09730785417,4153.75646421917,2,35,1,4.8
853759,2.28571428571429,2.66666666666667,2.33333333333333,31.4295656148385,46,0,3181.09730785417,5734.1391113893,2,12,NA,3.4
856329,2.42857142857143,3,2,29.4949558176877,62,1,3181.09730785417,8801.04274245021,3,35.1666666666667,1,5.4
876882,2.28571428571429,2.66666666666667,2.33333333333333,31.4295656148385,50,1,3181.09730785417,4447.83865167171,0,13.0833333333333,7,3.4
887158,3,2,3,9.13408772396237,45,1,3181.09730785417,5551.67506519822,2,22.25,6,3.2
825921,2.14285714285714,3.33333333333333,1.66666666666667,29.0546040990771,33,1,3178,3178,1,14,10,4.6
829101,2.28571428571429,3.66666666666667,1.33333333333333,42.1625892958652,28,1,3174,3174,0,NA,NA,5.8
887640,2.71428571428571,3,2,33.6900675259798,37,0,3173,6373,3,18.5833333333333,2,5.4
802612,2.28571428571429,3.33333333333333,1.66666666666667,34.1669536080293,25,0,3150,NA,0,4.75,7,6
809167,1.14285714285714,3,2,34.1669536080293,54,1,3150,3150,0,8.83333333333333,12,4
867847,1.71428571428571,2.33333333333333,2.66666666666667,3.3664606634298,25,1,3150,4730,0,7.58333333333333,1,5.6
878894,2.42857142857143,3,2,23.5079599666554,41,1,3150,6899,2,23,3,6
884392,2.14285714285714,2,3,14.9314171781376,30,1,3150,5450,0,3.33333333333333,2,5.8
850115,2.42857142857143,2.66666666666667,2.33333333333333,34.1669536080293,46,1,3144.28698256895,5554.48571428087,3,17.5,10,5
844769,1.57142857142857,3.33333333333333,1.66666666666667,27.9235897151384,72,1,3131.56089891801,4014.86341139547,2,55.9166666666667,1,5.6
856237,1.57142857142857,4,1,31.7078157349622,72,1,3131.56089891801,3131.56089891801,3,41.4166666666667,2,6
828833,2.42857142857143,3,2,42.1625892958652,45,1,3130.4313179918,6576.08951707835,2,26.0833333333333,2,4.6
808352,1,4,1,34.1669536080293,68,0,3123,3123,0,10,20,6.2
820544,2.71428571428571,1.66666666666667,3.33333333333333,8.29714496983688,46,1,3120,3975,2,25.4166666666667,1,4.2
878628,1.28571428571429,2.66666666666667,2.33333333333333,34.1669536080293,40,1,3110,4118.81097405552,0,15.75,2,1
812786,2,2.33333333333333,2.66666666666667,33.3615402805696,51,1,3100,7700,2,26.0833333333333,1,2.6
813806,2,2,3,31.0073938271495,55,0,3100,4500,0,NA,NA,5.6
818179,2,2.33333333333333,2.66666666666667,25.2576980822979,65,1,3100,3100,4,53.9166666666667,2,5.6
821984,2.14285714285714,3,2,34.1669536080293,60,0,3100,NA,1,30,5,2.8
822811,2.28571428571429,3,2,31.4295656148385,35,1,3100,5000,0,NA,NA,5.4
848086,1.14285714285714,3,2,32.2979774958722,64,0,3100,6600,2,42.8333333333333,1,6.2
851672,2,3,2,34.1669536080293,73,1,3100,4400,2,50.0833333333333,1,5
858807,3.42857142857143,3,2,31.6540337299386,25,0,3100,3100,0,0.5,11,5.4
867852,2,3,2,28.5480233163462,53,1,3100,5600,2,10.6666666666667,1,4.4
874340,2,3.33333333333333,1.66666666666667,28.3391320358959,65,1,3100,3625,2,NA,NA,5.6
875140,2.42857142857143,2.66666666666667,2.33333333333333,28.5706985484666,63,1,3100,5900,1,NA,2,4.6
880276,2.14285714285714,2.66666666666667,2.33333333333333,36.4222834749835,66,1,3100,3100,2,43.9166666666667,1,5
886572,2.14285714285714,3,2,23.1985905136482,66,1,3100,3100,2,35.0833333333333,11,3
890032,1.57142857142857,3.66666666666667,1.33333333333333,34.1285470741452,42,1,3100,13935.4019677278,0,12,1,6
891873,2.42857142857143,3.33333333333333,1.66666666666667,37.6942404666892,45,1,3100,3706.11596132309,0,20,7,5.4
893466,3.85714285714286,2,3,31.4295656148385,25,1,3100,3300,0,8.75,1,2
826141,2.57142857142857,3,2,27.3203190225612,70,0,3079,3079,0,30,20,4.8
848165,2.42857142857143,2.66666666666667,2.33333333333333,3.94518622903756,85,1,3079,3079,3,47.6666666666667,1,4.6
843502,1,3,2,21.648485171068,84,0,3060,6485,2,49.5833333333333,NA,4.6
892345,2.71428571428571,3,2,16.3586697661637,33,1,3057,3057,0,0,0,3
845812,2.14285714285714,3.33333333333333,1.66666666666667,25.8733852262861,80,1,3056.96316218569,3056.96316218569,3,34.1666666666667,2,3.8
850949,2.85714285714286,2.33333333333333,2.66666666666667,19.9403005683304,39,1,3054,4654,0,8,10,4.4
884744,2.28571428571429,3,2,37.2751660736832,45,1,3051,3051,0,2.25,4,4.2
804655,1.28571428571429,3.33333333333333,1.66666666666667,29.2961716882661,62,0,3050,3050,0,29.3333333333333,4,6
810488,1.85714285714286,3,2,25.8870262663267,25,0,3050,6550,0,3.25,12,5.6
893499,1.28571428571429,3.33333333333333,1.66666666666667,31.7411278178193,54,1,3040,3040,0,15.3333333333333,1,5.2
869137,1.71428571428571,3,2,23.0615195322935,78,0,3026,3026,2,NA,2,4.2
869083,2.57142857142857,2.66666666666667,2.33333333333333,26.565051177078,38,0,3023,3023,1,13,NA,5.6
889697,2.14285714285714,2.66666666666667,2.33333333333333,33.6207860851233,79,1,3022.74574813229,3906.04826060975,2,57.1666666666667,1,3.6
889691,2.28571428571429,2.33333333333333,2.66666666666667,16.814701567918,73,1,3018,3918,2,40,2,4
806875,2.14285714285714,2.66666666666667,2.33333333333333,31.4295656148385,64,1,3015.17505064466,4177.16834018018,3,40,3,6
845327,1.71428571428571,2.66666666666667,2.33333333333333,23.051300916473,62,1,3015,3015,3,28.5,4,4.4
834341,1,3,2,24.7751405688319,54,0,3011,3011,0,9.5,4,4.8
809530,1,3,2,21.1247191460725,64,1,3010,7759.22134010619,3,44,2,6
801577,1.71428571428571,2,3,34.1669536080293,48,1,3006.46740420496,4700.03036551202,3,34,1,6
837380,2.28571428571429,2.66666666666667,2.33333333333333,29.3022074821387,33,0,3006.46740420496,5710.41725876582,2,8,4,3.6
879492,2.42857142857143,2.33333333333333,2.66666666666667,28.1528005635329,49,0,3006.46740420496,3006.46740420496,0,8,8,4.2
880746,2.28571428571429,2.66666666666667,2.33333333333333,34.1669536080293,61,1,3006.46740420496,5459.7089457848,2,49,2,5.8
892504,1.42857142857143,2.66666666666667,2.33333333333333,30.5692241177874,52,0,3006.46740420496,3006.46740420496,0,0.5,NA,5
844671,2.14285714285714,2.66666666666667,2.33333333333333,31.4295656148385,33,0,3001,5301,0,12.5,1,5.8
816186,1.71428571428571,3,2,29.8047514731801,63,0,3000,7700,3,41,1,6.8
817678,1.42857142857143,3.66666666666667,1.33333333333333,30.4397243806431,34,0,3000,3000,0,2.16666666666667,1,4.4
823248,2,2.66666666666667,2.33333333333333,23.0615195322935,62,0,3000,5000,2,9.91666666666667,6,5.4
826345,2.71428571428571,3.33333333333333,1.66666666666667,31.4295656148385,45,0,3000,8298.07436449363,2,10.3333333333333,NA,2.8
837167,2.85714285714286,2.66666666666667,2.33333333333333,30.9230345918705,53,1,3000,5200,1,29.9166666666667,2,5
840838,2.42857142857143,2,3,36.4222834749835,63,0,3000,5100,0,40,2,5.4
842559,1.71428571428571,3.66666666666667,1.33333333333333,28.5480233163462,78,1,3000,3000,4,47.0833333333333,1,5.4
843838,2.14285714285714,3,2,31.4295656148385,34,1,3000,4494.11826284302,2,7.41666666666667,5,4.6
845706,2,3,2,31.4295656148385,80,1,3000,5000,3,30.1666666666667,2,2
845927,2.28571428571429,3,2,20.7332115674668,39,1,3000,3000,3,10.1666666666667,1,4.8
857977,2.57142857142857,3,2,34.1669536080293,59,1,3000,3075,3,38.5,1,6
863491,2.14285714285714,2.66666666666667,2.33333333333333,16.0990859279985,33,1,3000,4720,2,8,3,3.6
864038,2,3,2,36.9183712210074,46,0,3000,6245.57482074754,2,23.25,1,4.6
865515,1.57142857142857,3,2,24.3045492659367,28,0,3000,4726.80486751182,0,11.25,2,4.8
869448,1.71428571428571,2.66666666666667,2.33333333333333,32.7068268793835,31,0,3000,6500,1,7.08333333333333,2,5.8
869482,1.71428571428571,3.33333333333333,1.66666666666667,28.5706985484666,25,0,3000,3000,0,3.16666666666667,8,5.4
871859,2.14285714285714,3,2,34.1669536080293,50,1,3000,3000,0,NA,NA,4.8
873565,1.57142857142857,4,1,37.0824969651717,35,0,3000,3000,0,10.9166666666667,NA,5.2
876809,2,3.66666666666667,1.33333333333333,20.9023341759293,77,1,3000,3780,2,55.1666666666667,1,4.4
878979,1.14285714285714,2.33333333333333,2.66666666666667,34.1669536080293,54,1,3000,NA,6,31.0833333333333,NA,5.8
890557,2.14285714285714,2.66666666666667,2.33333333333333,26.565051177078,59,1,3000,4000,1,24.0833333333333,10,5.2
890625,2.71428571428571,2.66666666666667,2.33333333333333,26.3671390816177,51,1,3000,5200,1,15.8333333333333,NA,4.4
895950,1.57142857142857,3.33333333333333,1.66666666666667,26.462186333354,65,1,3000,5500,2,22.4166666666667,7,5.8
880914,2.85714285714286,3,2,31.6540337299386,33,0,2995,5467.08557150186,2,7.16666666666667,2,4
863790,2.42857142857143,3,2,34.1669536080293,62,1,2989,4041,3,46.75,1,6
801412,2.42857142857143,3,2,31.4295656148385,52,0,2983,9408,2,36.4166666666667,1,5.6
814215,1.85714285714286,3,2,32.7068268793835,75,1,2982.65656080464,2982.65656080464,0,15,50,5.2
832577,1,3,2,34.1669536080293,67,0,2982.65656080464,6064.34044641461,1,46,1,5
833581,2.14285714285714,2.33333333333333,2.66666666666667,33.8064039742528,66,1,2982.65656080464,2982.65656080464,0,23,10,2
849783,1.28571428571429,3.33333333333333,1.66666666666667,34.1669536080293,75,1,2982.65656080464,2982.65656080464,3,40,10,4.6
852114,2,3.33333333333333,1.66666666666667,31.4295656148385,72,0,2982.65656080464,2982.65656080464,2,NA,4,5.6
899905,2.28571428571429,3,2,25.4514505676449,68,1,2982.65656080464,3832.8320244427,3,48.25,1,5.8
868341,2.71428571428571,3.66666666666667,1.33333333333333,31.4295656148385,41,1,2975,4175,2,17.5,1,2.8
841082,1.85714285714286,2,3,26.565051177078,59,1,2972.26998841125,7500.26998841125,1,37,10,4.6
838024,1.85714285714286,2.66666666666667,2.33333333333333,37.2751660736832,53,0,2968,7168,1,31.1666666666667,5,6
845001,2.14285714285714,3,2,29.00641590227,23,0,2958.58278066738,5284.00005705199,0,4.33333333333333,1,5
849896,2.42857142857143,3,2,29.4949558176877,55,0,2958.58278066738,NA,3,40,1,3
844396,2,2.33333333333333,2.66666666666667,25.1709600370414,45,1,2950,2950,0,1,2,4.4
849542,1.57142857142857,4,1,42.1625892958652,49,1,2950,2950,3,NA,200,4
895440,3,3,2,29.4949558176877,72,1,2942,3847,0,37.3333333333333,2,6
804315,1.71428571428571,3,2,0.979319654339484,52,1,2930.27618231992,4176.83914362698,2,NA,NA,6.8
840747,1.85714285714286,3.33333333333333,1.66666666666667,30.6600714986578,62,0,2930.27618231992,2930.27618231992,1,18,NA,4.6
848413,1.57142857142857,2.66666666666667,2.33333333333333,-0.545657593415724,52,1,2930.27618231992,2930.27618231992,0,18.9166666666667,2,5.2
878140,2.14285714285714,3,2,11.7682889320206,64,1,2930.27618231992,3041.80945564707,1,NA,NA,5.8
850909,1.71428571428571,2.66666666666667,2.33333333333333,34.1669536080293,56,0,2925,4125.91903900553,0,33.5,4,5.4
865447,3,3.33333333333333,1.66666666666667,31.4295656148385,45,1,2925,5589,0,17,NA,4.2
883111,2,2.33333333333333,2.66666666666667,31.4295656148385,40,1,2925,6325,0,0.833333333333333,NA,4
803506,1.57142857142857,3.33333333333333,1.66666666666667,28.0993926767788,49,0,2920,5920,2,20,5,5.8
811233,2.57142857142857,3,2,33.6900675259798,49,0,2919.78429288782,NA,0,18.9166666666667,6,6
814648,3,3,2,31.4295656148385,52,0,2916,6072.34937472343,2,30.5,2,3.4
819610,2.85714285714286,2,3,31.4295656148385,28,1,2915,2915,0,5,19,5.6
824414,1.71428571428571,3,2,42.1625892958652,72,0,2908.64475545139,2908.64475545139,0,26.6666666666667,NA,3.8
831173,1,3.33333333333333,1.66666666666667,42.1625892958652,84,0,2908.64475545139,2908.64475545139,2,24.6666666666667,2,4.8
850732,1.57142857142857,3.33333333333333,1.66666666666667,29.4949558176877,69,1,2908.64475545139,2908.64475545139,3,46.25,2,3.8
867352,1.57142857142857,3,2,21.343386122046,77,1,2908.64475545139,3167.56602548662,2,11.9166666666667,20,5.6
874398,1,4,1,34.1669536080293,74,0,2908.64475545139,2908.64475545139,2,21.5,5,4.2
878546,2.28571428571429,2.33333333333333,2.66666666666667,21.5713071912546,81,0,2908.64475545139,4852.43473185735,0,11,1,3.2
882861,1.28571428571429,3.33333333333333,1.66666666666667,29.0806121678823,70,1,2908.64475545139,4382.18865257032,2,46.1666666666667,1,4.8
891973,1.85714285714286,3.33333333333333,1.66666666666667,33.9841911205642,81,1,2908.64475545139,2908.64475545139,3,33.5,2,4.6
801287,1,3,2,31.4295656148385,63,0,2900,7250,3,23.25,4,6.6
810055,2.14285714285714,3.33333333333333,1.66666666666667,34.1669536080293,62,0,2900,7144.12422588478,2,40.1666666666667,10,5.8
810162,1.71428571428571,3.33333333333333,1.66666666666667,31.4295656148385,50,1,2900,3280,1,10.3333333333333,6,4.8
812802,2,3.33333333333333,1.66666666666667,18.2458545275783,55,0,2900,6800,2,34.8333333333333,1,6
815921,1.57142857142857,3,2,28.3690462932786,66,0,2900,2900,3,34,3,3
817550,2.28571428571429,2,3,29.8091142067065,67,1,2900,3870,2,50.1666666666667,3,5
821319,3.71428571428571,3,2,34.1669536080293,25,1,2900,2900,0,0.666666666666667,3,3
835617,2.85714285714286,2.66666666666667,2.33333333333333,25.3196869103096,57,1,2900,2900,2,38.4166666666667,3,4.2
849841,1,4,1,31.4295656148385,69,1,2900,2900,3,22.5,2,6.4
862530,1.71428571428571,2.33333333333333,2.66666666666667,31.4295656148385,24,0,2900,2900,0,2.75,15,6.4
874948,2.57142857142857,2,3,31.4295656148385,57,0,2900,2900,0,6.58333333333333,63,3.6
875241,3.57142857142857,2.33333333333333,2.66666666666667,21.1363990520391,37,1,2900,7185.12265481229,0,NA,NA,4.6
878027,1.57142857142857,3.66666666666667,1.33333333333333,34.1669536080293,74,1,2900,4300,2,51.4166666666667,1,6.8
885226,1,3,2,34.1669536080293,69,1,2900,3158.92127003523,1,29.5,2,5.6
885885,1.85714285714286,3.66666666666667,1.33333333333333,36.5805274824034,45,1,2890,3990,2,20.0833333333333,4,5.4
842059,1.85714285714286,3,2,29.1974860460645,61,0,2883.60507201442,NA,0,29,2,3.6
889315,2.42857142857143,3,2,30.4418052151987,25,0,2882,2882,0,1.83333333333333,2,5.6
812860,2,3,2,34.1669536080293,41,1,2880,2880,1,11,3,3.2
851235,2.42857142857143,2.33333333333333,2.66666666666667,20.3693133021872,61,0,2879.5344830102,4823.32445941616,0,34.5833333333333,2,5.8
886926,2.42857142857143,2.33333333333333,2.66666666666667,36.9183712210074,37,0,2879,2879,0,0,0,3
876525,1,3.33333333333333,1.66666666666667,27.6459753637387,65,1,2871,2871,3,43.9166666666667,3,4.8
836428,2.14285714285714,2.66666666666667,2.33333333333333,34.1669536080293,28,0,2864,4547.04341756936,0,6.33333333333333,1,5
885391,2.42857142857143,2,3,11.888658039628,74,1,2852.59526823599,2852.59526823599,0,39.6666666666667,1,3.8
835842,2.42857142857143,3,2,28.6518284526488,88,1,2850,3618,2,65.0833333333333,2,5.8
810922,2.14285714285714,3,2,31.4295656148385,67,0,2834.93153313308,2834.93153313308,0,NA,NA,4.8
839300,1.57142857142857,2.66666666666667,2.33333333333333,-4.76364169072618,70,1,2834.93153313308,4634.93153313308,2,45,3,4.4
846303,1.28571428571429,2.66666666666667,2.33333333333333,42.1625892958652,70,1,2834.93153313308,2834.93153313308,2,48.4166666666667,1,4.4
856018,1.42857142857143,3,2,31.4295656148385,72,0,2834.93153313308,2834.93153313308,3,35,3,5.4
873004,3.28571428571429,3,2,18.0779703921897,66,1,2834.93153313308,2834.93153313308,2,38.5,3,5.6
875354,1,3,2,20.2825590889166,74,0,2834.93153313308,2834.93153313308,2,32.6666666666667,5,5.6
879620,1.28571428571429,3,2,34.1526531570465,65,0,2834.93153313308,2834.93153313308,0,44.4166666666667,3,5.2
836474,3,3,2,31.4295656148385,40,0,2833.53072225164,5792.11350291901,1,10.6666666666667,16,5.4
876037,2.28571428571429,1.66666666666667,3.33333333333333,39.0355128987469,28,1,2833.53072225164,2833.53072225164,2,NA,NA,6.2
878573,2.42857142857143,3,2,42.0057188839047,32,1,2833.53072225164,NA,0,3,1,5
805688,2.28571428571429,3,2,16.0111774788085,81,1,2830,2830,4,54.0833333333333,1,4.4
817074,1,3,2,26.7871267297714,74,1,2828,3637,3,NA,NA,4.8
875479,2.14285714285714,2,3,15.5363720236403,47,1,2820,3953,2,27.8333333333333,3,1.8
884350,3.57142857142857,2.33333333333333,2.66666666666667,27.8972710309476,28,0,2820,5670,0,5.83333333333333,7,5.2
893911,1.14285714285714,2.66666666666667,2.33333333333333,31.3994574833413,54,1,2811,4461,0,30.5,1,5.8
801589,2,3,2,34.1669536080293,38,0,2800,7247.31303656325,1,13.5,7,2.2
808975,1.71428571428571,2.33333333333333,2.66666666666667,23.9624889745782,53,1,2800,9800,0,12.0833333333333,NA,4.6
814724,1.28571428571429,3,2,30.8346152492318,70,1,2800,5245.80706861297,0,47.1666666666667,5,5.8
849127,2.14285714285714,2.66666666666667,2.33333333333333,20.6589100633075,51,1,2800,5088.37987804405,3,28.5,1,3.4
852288,2,2.66666666666667,2.33333333333333,31.4295656148385,57,0,2800,6500,2,39.25,3,6
853048,2,3.33333333333333,1.66666666666667,32.6887451199087,69,1,2800,2800,2,45.8333333333333,1,6
853784,1.28571428571429,3,2,33.6207860851233,72,0,2800,2800,2,14.9166666666667,6,5.4
857345,1.85714285714286,3,2,17.4709281275434,30,1,2800,6191.22694966811,0,6.75,NA,7
863528,1.57142857142857,3,2,14.1696443433195,79,0,2800,2800,3,NA,NA,4.6
874087,2.14285714285714,3.33333333333333,1.66666666666667,31.4295656148385,46,1,2800,4500,3,24.25,6,5
885250,1.57142857142857,3,2,1.70135460532612,72,0,2800,2800,0,4,3,4
849118,1.42857142857143,2.66666666666667,2.33333333333333,15.7807533095154,56,1,2797,2797,0,0,0,3.2
871020,2.42857142857143,3,2,32.2979774958722,72,1,2790,3760,2,47.1666666666667,1,4.2
817800,3.85714285714286,3,2,45,30,0,2788.4004967493,NA,0,6.5,1,5
880584,1,2,3,33.6207860851233,51,0,2788.4004967493,7362.38457690963,2,27.6666666666667,1,5.2
883914,3.14285714285714,2.66666666666667,2.33333333333333,29.8554374154266,39,0,2788.4004967493,6629.60257972105,2,20.4166666666667,1,5
881890,3,2.66666666666667,2.33333333333333,7.93826452354549,60,1,2779,5834,0,33.0833333333333,1,3.2
862960,3.28571428571429,3,2,34.1669536080293,75,1,2773,3760,2,52.5,NA,4.4
851580,1.57142857142857,3.66666666666667,1.33333333333333,25.9743939624313,77,1,2765,3706,2,51.1666666666667,1,5.8
893325,3.14285714285714,3,2,30.3276341191339,55,1,2765,2765,0,23.0833333333333,1,4.2
882849,1,3.66666666666667,1.33333333333333,34.1669536080293,72,1,2762.98603820192,3903.96327406579,3,54.3333333333333,1,6.2
884480,1.57142857142857,3,2,37.7468053872747,61,1,2761.72213797256,6498.17027366947,1,30.5,NA,4
810113,1.28571428571429,3,2,25.9478853220016,75,1,2761.52081439319,3547.13328551705,3,50.9166666666667,NA,4.4
828765,2,2.33333333333333,2.66666666666667,26.446180435778,57,1,2759.63879666072,3897.11432646409,2,32.6666666666667,3,5.2
805950,2,3,2,-0.784824602991888,64,1,2759,4253.11826284302,4,14,2,4.8
890118,1.57142857142857,2.33333333333333,2.66666666666667,31.4295656148385,85,0,2755.66114570119,2755.66114570119,3,NA,NA,5.4
844042,2,2.66666666666667,2.33333333333333,31.4295656148385,27,0,2750,2750,0,0.333333333333333,NA,6.4
887789,3.71428571428571,2,3,7.65770969371388,37,1,2750,3550,2,5,2,6.4
898025,1.42857142857143,3,2,34.1669536080293,70,1,2750,4100,2,48.75,1,5.8
867993,2.57142857142857,2,3,31.4295656148385,56,1,2747.71324752597,7738.22609071542,2,34,3,5
879122,1.42857142857143,3.33333333333333,1.66666666666667,29.6383836881513,62,1,2747.71324752597,4059.48426296001,1,38.1666666666667,3,1.8
804360,2.42857142857143,2.66666666666667,2.33333333333333,25.6853386686869,69,1,2746.87532593891,2746.87532593891,0,2.5,8,1.8
805334,2.85714285714286,2.66666666666667,2.33333333333333,29.8047514731801,37,0,2736,5336,2,12.6666666666667,5,5.6
818292,2,3,2,31.4295656148385,63,0,2736,2736,0,NA,NA,5.6
887667,2.14285714285714,2.66666666666667,2.33333333333333,31.4295656148385,44,1,2735.73398689801,2735.73398689801,0,0,0,5
856542,1.14285714285714,2.33333333333333,2.66666666666667,12.8750015596125,51,1,2732,NA,2,27.6666666666667,2,6.2
890261,2.71428571428571,2.66666666666667,2.33333333333333,31.4295656148385,69,1,2730,3598,2,49,5,2.6
899667,2.71428571428571,3,2,27.8972710309476,65,0,2729,2729,2,18.4166666666667,NA,5.8
812319,3,3.66666666666667,1.33333333333333,31.4295656148385,64,0,2724.3386134686,8151.14348098042,2,27,8,4.8
809594,1.71428571428571,1.66666666666667,3.33333333333333,28.0993926767788,57,0,2719.11900159505,7507.74260460055,3,39.75,2,6.6
892346,1.71428571428571,3.66666666666667,1.33333333333333,33.9399930052343,58,1,2718,5659.48876733774,0,24.5,8,5.4
829928,2.28571428571429,3.33333333333333,1.66666666666667,18.7221433074292,56,0,2717.73562253346,6590.50913098214,0,32.5,2,3.2
852920,1.71428571428571,2.66666666666667,2.33333333333333,33.428743091705,49,0,2706,10010,3,17,NA,4
801544,1.42857142857143,3,2,3.9679181379869,75,1,2700,2700,2,23,4,5.2
813397,2,2.66666666666667,2.33333333333333,20.4245728034453,36,1,2700,5000,2,10.8333333333333,2,4.8
824475,2.14285714285714,3,2,10.7068412796397,60,1,2700,2700,2,NA,NA,4.2
824645,1.42857142857143,3,2,34.1669536080293,72,1,2700,5040,3,40.0833333333333,18,5.6
834445,3,2.66666666666667,2.33333333333333,7.67241159977955,36,1,2700,2700,0,4,3,4
837768,1.57142857142857,2,3,16.151940714631,65,1,2700,2700,0,34.6666666666667,25,4.4
851425,1.85714285714286,2.66666666666667,2.33333333333333,31.4295656148385,55,1,2700,5700,2,34.25,2,5.6
863110,1,2.66666666666667,2.33333333333333,21.8663706597785,79,1,2700,4000,3,58.5833333333333,1,4.6
865689,1,4,1,17.9975849554013,70,1,2700,2700,4,18,15,5
869689,1.14285714285714,3.66666666666667,1.33333333333333,23.2335056705165,87,0,2700,6002.10973149698,2,65,1,5.4
888735,1.28571428571429,2.66666666666667,2.33333333333333,25.0018116728382,62,0,2700,6200,0,16,NA,6
890676,3.85714285714286,3,2,26.7657360989894,35,0,2700,6457,1,11.25,5,4.4
899200,1.28571428571429,4,1,34.1669536080293,72,0,2700,2700,0,0,0,5.8
891055,1.85714285714286,3,2,30.479850981463,43,0,2691,7984,1,13.8333333333333,2,5
840267,2.28571428571429,3,2,23.9841837026262,70,1,2690,3550,3,48.6666666666667,NA,4.4
803961,1.42857142857143,3.33333333333333,1.66666666666667,34.1669536080293,77,0,2688.41666109755,2688.41666109755,2,43.0833333333333,1,6
807379,1.57142857142857,3,2,27.4567422845999,69,0,2688.41666109755,2688.41666109755,0,13,9,5.2
810971,1.28571428571429,3,2,30.4529607379111,73,1,2688.41666109755,6167.36007175312,2,38.3333333333333,2,5.6
811373,1.42857142857143,2.66666666666667,2.33333333333333,13.0333563259138,72,1,2688.41666109755,2688.41666109755,2,40.9166666666667,NA,5.6
813153,1.71428571428571,2.66666666666667,2.33333333333333,18.434948822922,68,1,2688.41666109755,3428.89115447946,2,32.25,2,4.4
818551,2.57142857142857,2.66666666666667,2.33333333333333,29.7820380877859,67,0,2688.41666109755,5111.84001046052,0,26.0833333333333,NA,5.8
834332,2.42857142857143,3,2,32.2979774958722,69,1,2688.41666109755,9645.8555237386,3,15,15,5.4
875213,1,2.66666666666667,2.33333333333333,31.4295656148385,75,1,2688.41666109755,2688.41666109755,2,48,3,4.8
887033,2,3,2,15.025221579449,71,0,2688.41666109755,2688.41666109755,2,25.3333333333333,1,4.4
821673,1.85714285714286,2.66666666666667,2.33333333333333,45,45,1,2688,3770,2,27.4166666666667,NA,4.6
806460,2.85714285714286,2.66666666666667,2.33333333333333,34.1669536080293,32,0,2680,6020,1,16.9166666666667,1,6.6
834283,3,3,2,31.3994574833413,38,1,2668,2668,1,9,NA,5
841497,2,3,2,31.4295656148385,45,1,2666,2666,1,1,3,5.8
897637,1.42857142857143,3,2,14.7150716505978,51,0,2665,NA,2,27.5833333333333,1,6
804562,1,3.66666666666667,1.33333333333333,25.8870262663267,39,0,2664,5589,0,17.5833333333333,1,4.8
820742,1,3,2,31.4295656148385,63,0,2662.33870087972,2662.33870087972,1,9.5,4,5.6
851269,2.85714285714286,3,2,30.5977842093342,38,1,2662.33870087972,NA,1,13,2,3.2
881524,1.14285714285714,2.33333333333333,2.66666666666667,32.1400065024331,48,1,2662.33870087972,4787.75461707436,2,20,NA,4.6
871551,1.85714285714286,3,2,34.5994479751789,72,1,2655,3464,2,51.0833333333333,1,5.8
803210,2.14285714285714,3,2,16.1013023991584,45,1,2654,2719,1,6.41666666666667,8,4
851443,2,3,2,22.9321004375898,63,1,2654,2654,0,0.416666666666667,NA,6
803445,1.57142857142857,3,2,31.4295656148385,48,0,2650,2650,2,10,3,4.8
897906,1.85714285714286,3.33333333333333,1.66666666666667,28.7112259699406,62,0,2650,2650,1,11,2,2
805007,1,3,2,29.5603544646807,65,1,2649,5480,2,43.6666666666667,2,6.4
824765,1.71428571428571,2.66666666666667,2.33333333333333,34.1669536080293,71,1,2645.59769703735,7467.69599218435,0,15,NA,3.6
860189,2.14285714285714,3.33333333333333,1.66666666666667,21.6978941888391,66,0,2645.59769703735,5917.88656722903,2,11,2,6.8
875885,2.14285714285714,3,2,34.1669536080293,28,0,2645,5445,0,12.75,1,5.4
829522,2.28571428571429,3.66666666666667,1.33333333333333,31.4295656148385,60,0,2640,12655,2,38.4166666666667,2,7
833239,1,3,2,31.4295656148385,45,0,2631,5276,3,25.25,1,6.6
818963,1.57142857142857,3.66666666666667,1.33333333333333,36.1646267865505,28,0,2619.9350858454,7419.9350858454,2,11.5,1,5.2
819354,2,3,2,40.5115831637558,25,1,2619.9350858454,7738.22609071542,0,5.16666666666667,3,6
824328,1,3.66666666666667,1.33333333333333,39.9411019560116,30,0,2619.9350858454,4805.58162986571,0,0,0,4.6
880084,2.14285714285714,3,2,19.4861295724658,26,1,2619.9350858454,NA,0,2,2,5.2
883350,2.57142857142857,3,2,34.1669536080293,28,1,2619.9350858454,5367.64833337136,1,11.25,2,4.2
890893,2.85714285714286,3.66666666666667,1.33333333333333,31.4295656148385,36,0,2619.9350858454,NA,1,11.5833333333333,NA,5.2
800360,2.14285714285714,3,2,25.1709600370414,66,1,2615.62328486161,3829.34836082288,2,44.9166666666667,1,6
801599,1.28571428571429,3,2,26.7849955075022,68,1,2600,2600,2,25.3333333333333,6,3.8
816256,1,3,2,23.4773998920929,66,0,2600,5835,2,43.1666666666667,2,6
816751,1,2.33333333333333,2.66666666666667,18.434948822922,59,1,2600,3800,0,34,NA,7
837496,2,3,2,42.1625892958652,67,1,2600,4500,1,40.5833333333333,3,6.2
845336,2,3.33333333333333,1.66666666666667,32.5095942820908,61,0,2600,2600,0,32.6666666666667,1,5.6
846286,2,3,2,17.4179707922028,28,0,2600,2600,0,4,8,4.2
849880,1.14285714285714,2.66666666666667,2.33333333333333,28.5480233163462,28,0,2600,5872.28887019168,1,9,3,6
851303,1.57142857142857,2.66666666666667,2.33333333333333,31.4295656148385,32,0,2600,6200,2,6.91666666666667,3,5.8
852645,2,2.33333333333333,2.66666666666667,31.4295656148385,60,0,2600,7925.99510849647,3,38.1666666666667,4,2.4
856600,2.71428571428571,3,2,34.1669536080293,26,1,2600,2600,0,0.583333333333333,1,5.6
870269,3.28571428571429,3.33333333333333,1.66666666666667,34.1669536080293,27,1,2600,4520,1,8.08333333333333,1,6
890460,1.14285714285714,3,2,26.462186333354,46,1,2600,6850,0,9.08333333333333,NA,3.4
884481,1,3,2,-5.76035064085128,84,1,2591.12775245354,3488.72650452117,3,61.1666666666667,1,5.4
895529,2.14285714285714,2.66666666666667,2.33333333333333,29.00641590227,45,1,2590,2590,0,3.33333333333333,NA,2
858346,3.14285714285714,2.33333333333333,2.66666666666667,29.7137084058325,67,1,2586.59392537624,2586.59392537624,1,15.1666666666667,13,5.6
896670,2.14285714285714,3,2,29.8047514731801,37,1,2586,2586,0,NA,NA,4.4
889526,2.14285714285714,4,1,31.7078157349622,75,1,2579,3742,3,52.4166666666667,1,3.2
816122,1.71428571428571,3,2,31.4295656148385,45,0,2577.4142108627,2577.4142108627,0,0,0,5.2
850189,1.57142857142857,3,2,29.5158302860843,33,0,2577.4142108627,2577.4142108627,1,6.16666666666667,3,5.2
857537,3.57142857142857,3,2,39.0194004752366,50,1,2577.4142108627,2577.4142108627,2,NA,NA,5.6
858218,3,2.66666666666667,2.33333333333333,17.1455509188617,38,1,2577.4142108627,NA,2,19.6666666666667,NA,3.8
858392,3,2.33333333333333,2.66666666666667,34.1669536080293,32,1,2577.4142108627,2577.4142108627,0,NA,NA,4.8
866833,2,2.33333333333333,2.66666666666667,23.5070816954365,49,0,2577.4142108627,3952.71904130172,0,6.66666666666667,30,6
867364,2,3,2,8.30748810168825,44,1,2577.4142108627,2577.4142108627,0,12,1,3
873503,2.57142857142857,3,2,31.4295656148385,25,1,2577.4142108627,5177.4142108627,0,4,3,4.6
879373,2.14285714285714,2.66666666666667,2.33333333333333,13.695876504409,53,1,2577.4142108627,2577.4142108627,0,7.5,NA,5
885379,2.42857142857143,2.33333333333333,2.66666666666667,31.4295656148385,42,1,2577.4142108627,2864.40625094287,1,NA,10,4.4
888629,1.85714285714286,2,3,31.4295656148385,52,0,2577.4142108627,2577.4142108627,2,14,2,3
891006,2.28571428571429,3,2,31.4295656148385,58,1,2577.4142108627,2577.4142108627,0,18,3,2.6
899102,2,4,1,31.4295656148385,63,1,2577.4142108627,2577.4142108627,0,8.75,5,5.2
899402,4,2,3,24.6707450945981,26,1,2577.4142108627,3525.42381024349,0,6.25,10,5.2
853729,1.14285714285714,3,2,34.0705119978196,69,1,2561.95882823957,3306.4866473514,3,46.0833333333333,NA,5
802984,1.71428571428571,3.66666666666667,1.33333333333333,42.1625892958652,36,0,2561,2561,0,6.5,NA,5.4
822775,2.57142857142857,2,3,23.6705384847205,58,1,2556.73837232781,4669.40616272053,2,43.1666666666667,1,3
877761,2.14285714285714,2.66666666666667,2.33333333333333,34.1669536080293,60,1,2554,10448,2,36.4166666666667,1,4.6
813546,3.14285714285714,2.66666666666667,2.33333333333333,18.2458545275783,80,1,2550,3337,2,60,1,6
860815,2.14285714285714,2,3,27.8972710309476,69,1,2544,2544,2,13.1666666666667,NA,4.8
801498,1.14285714285714,3.66666666666667,1.33333333333333,31.4295656148385,71,1,2543.1450561878,5465.89067795633,2,43.75,1,5.2
810073,1.28571428571429,3,2,28.35896344613,68,1,2543.1450561878,2543.1450561878,2,20.4166666666667,NA,5.8
831784,2.85714285714286,3,2,12.3130634589894,72,0,2543.1450561878,2543.1450561878,1,25.1666666666667,NA,3.8
833700,1.28571428571429,4,1,26.9315437021589,81,1,2543.1450561878,3529.24474118695,3,45.6666666666667,2,6
834936,1.14285714285714,2.33333333333333,2.66666666666667,31.4295656148385,67,1,2543.1450561878,2543.1450561878,0,2,NA,2
857415,2.85714285714286,2.66666666666667,2.33333333333333,11.9497572214939,92,1,2543.1450561878,3417.84401505791,0,NA,NA,6
861605,2.28571428571429,3,2,23.5079599666554,83,1,2543.1450561878,3504.34421682493,2,58.8333333333333,1,4
868362,2,3,2,18.2458545275783,83,1,2543.1450561878,3381.09132668697,0,59.0833333333333,1,5.8
880215,2.42857142857143,2.66666666666667,2.33333333333333,30.3276341191339,73,1,2543.1450561878,3705.13834572332,1,28.25,7,2.8
899429,1.28571428571429,3,2,45,67,1,2543.1450561878,3141.344188058,3,45,1,5.8
840628,3.28571428571429,2.33333333333333,2.66666666666667,31.4295656148385,50,1,2540,4796.44809967718,2,20.4166666666667,3,5.6
804000,1.85714285714286,3.33333333333333,1.66666666666667,34.1669536080293,27,0,2536.36320561483,7114.47163297529,0,0.25,6,6
809295,2,2.66666666666667,2.33333333333333,39.2301149421204,47,0,2536.36320561483,6251.05098369662,2,30,1,4.6
811444,3.71428571428571,2.66666666666667,2.33333333333333,8.2001460594988,25,0,2536.36320561483,11134.0543580714,0,NA,1,4.6
818710,3.28571428571429,3.33333333333333,1.66666666666667,10.500320318252,28,0,2536.36320561483,5888.38566813161,0,3,NA,5
823708,5,2.33333333333333,2.66666666666667,31.4295656148385,49,1,2536.36320561483,4872.36320561483,0,23.25,NA,3.2
841894,4,3,2,14.1670555226312,26,1,2536.36320561483,7019.40662318419,0,NA,NA,4.4
855203,1.28571428571429,2.66666666666667,2.33333333333333,31.4295656148385,47,0,2536.36320561483,5982.47711902668,2,30,3,5.8
882403,3.28571428571429,3.66666666666667,1.33333333333333,31.4295656148385,43,1,2536.36320561483,5781.36320561483,0,NA,7,1.8
892776,2.14285714285714,3,2,34.1669536080293,56,0,2536.36320561483,5048.4594496987,1,40.75,1,5.2
895233,1.57142857142857,3.33333333333333,1.66666666666667,24.7751405688319,55,0,2536.36320561483,6798.35622702385,2,30,3,4.6
857229,2.71428571428571,2,3,31.4295656148385,28,1,2532,4832,1,9,10,5
813903,2.42857142857143,3,2,17.1619188028653,33,0,2525.31003883958,2525.31003883958,3,7.66666666666667,4,3.4
871661,1,2.66666666666667,2.33333333333333,31.4295656148385,61,1,2512.09624408387,4495.09624408387,0,NA,NA,4
878387,1.28571428571429,3,2,31.4295656148385,64,0,2512.09624408387,2512.09624408387,3,46.25,2,3.6
890170,2.42857142857143,2.66666666666667,2.33333333333333,15.5519853703825,34,1,2512.09624408387,5903.32319375198,0,6,NA,6
887661,2,2.66666666666667,2.33333333333333,29.4949558176877,34,0,2511.37909172286,6865.85640055357,0,2.75,1,6
870111,1.57142857142857,3,2,25.088139125927,49,0,2509.80365227574,7993.0646960611,2,26.4166666666667,2,4.2
831247,2.14285714285714,2,3,28.9423915917175,69,1,2502.63986280147,7045.43442712434,1,15,9,5.6
853964,1.14285714285714,3,2,31.4295656148385,68,1,2502.63986280147,7925.99510849647,3,38.3333333333333,10,5.2
803157,2.14285714285714,3.33333333333333,1.66666666666667,19.0662817225662,36,1,2500,6000,2,9.75,9,5
823061,1,3,2,31.0567690794463,51,0,2500,3516,1,11.5,7,5.2
835485,2.28571428571429,2.66666666666667,2.33333333333333,18.434948822922,57,1,2500,2500,0,9,4,1.8
836199,1.42857142857143,3,2,23.4773998920929,68,0,2500,6100,0,27.8333333333333,4,6.2
842370,1.57142857142857,2.66666666666667,2.33333333333333,-18.8531587644191,68,1,2500,3735.00163946095,3,17,8,4.8
846240,2.14285714285714,3,2,34.1669536080293,52,0,2500,4500,2,35.25,1,4
850338,2.14285714285714,2.66666666666667,2.33333333333333,22.8957970814386,77,1,2500,2500,2,17.0833333333333,9,4.6
851403,4,1.33333333333333,3.66666666666667,15.6078242447607,28,0,2500,7814,0,1.5,NA,3.6
854455,1,3,2,36.1646267865505,54,0,2500,6955,0,31.9166666666667,1,5.8
856665,2,2.33333333333333,2.66666666666667,33.2682657264833,75,1,2500,3277.13225605417,2,50,3,4.8
858227,2.71428571428571,3,2,29.4949558176877,45,0,2500,6854.47730883071,2,23.75,1,4
867199,3.14285714285714,2,3,18.434948822922,31,1,2500,2500,0,3.5,NA,4.8
869165,3.57142857142857,3,2,29.5603544646807,44,0,2500,4742.47636839062,0,19.5833333333333,2,4.8
873217,3,2,3,9.13408772396237,38,1,2500,4500,2,7.91666666666667,15,4.8
884487,2.14285714285714,2.66666666666667,2.33333333333333,33.6207860851233,37,0,2500,2500,1,5.41666666666667,NA,5.4
885690,1.57142857142857,2.66666666666667,2.33333333333333,29.0339866910023,61,1,2500,4650,2,33.5,NA,5.2
887313,2.57142857142857,2.66666666666667,2.33333333333333,26.446180435778,40,0,2500,2500,0,12.4166666666667,NA,2.4
887344,1.57142857142857,3.33333333333333,1.66666666666667,29.8554374154266,28,0,2500,2500,0,3,3,4.4
888046,1.85714285714286,3,2,33.0754760623881,46,0,2500,5805.28498182129,0,27.5,1,5
894113,2.71428571428571,3,2,20.7811116582488,73,1,2500,NA,1,55,1,6
898022,2.57142857142857,3.33333333333333,1.66666666666667,23.9076604941725,70,0,2500,2500,1,49.5833333333333,2,4.4
898199,2.71428571428571,2.66666666666667,2.33333333333333,29.9571992539462,25,1,2500,2500,0,3.5,6,4.6
898254,1.42857142857143,1.33333333333333,3.66666666666667,16.5429834045625,73,1,2500,4900,2,50.3333333333333,1,5.8
810400,1.14285714285714,3,2,31.4295656148385,36,0,2492.94722378449,2492.94722378449,0,4.5,3,6
812661,1.57142857142857,3.33333333333333,1.66666666666667,34.1669536080293,55,0,2492.94722378449,3733.65060187734,2,NA,NA,5.4
816586,3,2.66666666666667,2.33333333333333,23.1550857539656,47,1,2492.94722378449,3393.85611182804,3,23,1,3.4
824069,1.71428571428571,2.33333333333333,2.66666666666667,45,63,0,2492.94722378449,2492.94722378449,2,27.25,1,3.2
838327,2.42857142857143,3,2,37.2751660736832,32,0,2492.94722378449,5366.22751284365,2,11.0833333333333,1,7
883517,1.28571428571429,3,2,29.4949558176877,63,0,2492.94722378449,2492.94722378449,2,32.1666666666667,2,4.8
890188,2.14285714285714,2.33333333333333,2.66666666666667,31.4295656148385,36,1,2492.94722378449,2492.94722378449,0,12.5,NA,4.2
899325,3.14285714285714,2.33333333333333,2.66666666666667,36.1646267865505,66,1,2478.1878496315,2684.1878496315,2,45.1666666666667,3,4
841171,3,2.66666666666667,2.33333333333333,29.9816393688493,28,0,2475,2475,0,6.66666666666667,26,5.6
812503,3.14285714285714,3,2,30.393262645553,23,0,2474,4874,0,5.16666666666667,3,5.4
840426,1.57142857142857,2.33333333333333,2.66666666666667,4.81355089370653,45,0,2472.08557150186,5956.84097195073,2,12.1666666666667,NA,5
842843,3,3,2,34.1669536080293,37,0,2472.08557150186,7472.08557150186,3,19.1666666666667,2,5.4
853549,2,2.66666666666667,2.33333333333333,30.8346152492318,64,0,2472.08557150186,4984.18181558573,4,42,1,6
856918,1.57142857142857,3.33333333333333,1.66666666666667,24.7174409110834,38,0,2472.08557150186,4817.08557150186,2,18.0833333333333,NA,5
872244,1.57142857142857,2.66666666666667,2.33333333333333,29.417636233689,62,0,2472.08557150186,7674.31534283095,0,31.5833333333333,2,5.6
890298,1.85714285714286,3.33333333333333,1.66666666666667,31.4295656148385,48,0,2472.08557150186,7772.08557150186,2,26,NA,6
892173,2.57142857142857,2.33333333333333,2.66666666666667,26.3354100038813,49,1,2472.08557150186,NA,2,16.4166666666667,3,5.6
803063,2,3,2,25.631597650414,76,1,2468.1068883176,3308.49724954522,2,55,1,3.8
891101,1.57142857142857,3,2,31.7694915785975,56,0,2467,3427,2,32.8333333333333,12,6
850109,1.71428571428571,4,1,31.4295656148385,70,1,2459.47112732412,3043.59695876821,0,41.75,1,2
817004,1.85714285714286,2.66666666666667,2.33333333333333,31.4295656148385,50,0,2453.24154157984,7695.9892910792,4,28,1,4.6
884716,1.14285714285714,3.66666666666667,1.33333333333333,29.7137084058325,53,0,2453.24154157984,6669.45255905038,2,33.5833333333333,1,6
899172,3.28571428571429,2.66666666666667,2.33333333333333,22.0752877995728,49,0,2453.24154157984,6258.22130864643,2,27.25,4,6
812094,2.57142857142857,2.66666666666667,2.33333333333333,8.67317404787977,26,0,2450,2450,0,0.25,4,4.4
828665,1.57142857142857,3,2,23.7780045814972,71,0,2445.80706861297,5245.80706861297,0,50,2,6.6
847018,1.85714285714286,2.66666666666667,2.33333333333333,29.7137084058325,30,1,2439,2439,0,4,2,6
852090,2.28571428571429,2.33333333333333,2.66666666666667,-0.469627019689651,33,1,2424,5564,0,NA,NA,5
870700,2.28571428571429,2,3,25.494226722291,41,0,2410.19873171192,5554.48571428087,3,17.5833333333333,26,6
827871,2.28571428571429,3,2,28.5480233163462,45,1,2405,2405,0,15,NA,5.2
806414,1.57142857142857,2.33333333333333,2.66666666666667,29.4949558176877,46,1,2401,2401,0,2.25,3,2.2
808197,2.57142857142857,3.33333333333333,1.66666666666667,33.8351198224514,27,1,2400,7740,1,4.25,4,5.8
811071,1.14285714285714,3.66666666666667,1.33333333333333,27.6237849002808,55,1,2400,3592.20671756872,0,16.6666666666667,NA,4.6
816894,2,2.66666666666667,2.33333333333333,10.5895708580677,68,1,2400,3450,0,45,1,6
826691,1,3.66666666666667,1.33333333333333,31.4295656148385,65,1,2400,2400,0,19.75,10,5.6
828768,1.85714285714286,3,2,31.4295656148385,71,0,2400,4900,2,52.25,2,6
839678,1.85714285714286,2.66666666666667,2.33333333333333,36.1646267865505,36,0,2400,5000,2,12.5833333333333,15,7
844445,1.42857142857143,3,2,16.7860888503416,44,0,2400,2400,0,7.5,4,5.4
845162,1.85714285714286,2.66666666666667,2.33333333333333,31.4295656148385,62,1,2400,2400,1,5.25,12,4.4
851760,3,4,1,42.1625892958652,25,1,2400,4348,0,5.75,1,6.2
854812,2.28571428571429,3,2,34.1669536080293,53,1,2400,4900,1,37.25,1,5.8
859426,3.57142857142857,3,2,25.6853386686869,35,1,2400,3300,3,16,1,4.6
861523,1,2.33333333333333,2.66666666666667,31.4295656148385,33,0,2400,2400,0,8,NA,2
865463,1.42857142857143,3,2,-2.06381972845697,79,1,2400,3350,2,58.6666666666667,1,2.8
868676,1.57142857142857,3.66666666666667,1.33333333333333,31.4295656148385,33,0,2400,3300,0,6.5,1,6
870327,1.28571428571429,3,2,34.1669536080293,57,0,2400,5382,1,42,2,6
847766,1.28571428571429,2.66666666666667,2.33333333333333,34.1669536080293,67,1,2399.15237840235,4549.88664028936,3,44,4,6.4
852023,1,3,2,7.39959465988711,78,1,2399.15237840235,3176.28463445652,3,52.5,0,5.6
897625,1.57142857142857,3.33333333333333,1.66666666666667,9.00850374202516,69,1,2399.15237840235,2799.15237840235,2,38,10,4.4
820779,2.14285714285714,3,2,16.4538092689566,51,1,2395,NA,2,27.0833333333333,1,3.6
858480,1.28571428571429,2.66666666666667,2.33333333333333,45,35,0,2391.07041330795,5837.1843267198,1,16.1666666666667,3,6
881857,2,3,2,25.631597650414,42,0,2391.07041330795,4820.84026992411,3,0.25,2,5.8
820556,1.14285714285714,3.66666666666667,1.33333333333333,34.6282973427752,69,0,2390.55431325445,2390.55431325445,0,23.4166666666667,6,4.2
886871,2,2.66666666666667,2.33333333333333,34.1669536080293,51,0,2387,2387,2,16.25,50,5.2
899301,2.42857142857143,2.33333333333333,2.66666666666667,34.1669536080293,72,1,2386,2386,1,44.0833333333333,NA,4
817358,1.57142857142857,2.33333333333333,2.66666666666667,33.120687218732,71,1,2380.52924207546,2380.52924207546,2,10,50,2.6
865600,1.71428571428571,2.66666666666667,2.33333333333333,31.4295656148385,64,0,2379,5123,2,35.9166666666667,3,5.8
840136,1.57142857142857,3,2,18.434948822922,74,1,2373.37244344199,3325.87569911785,1,27,15,2.8
814868,2.28571428571429,2,3,18.434948822922,46,0,2370.57775734405,5551.67506519822,2,22.25,2,3.6
821212,1.57142857142857,3,2,31.4295656148385,56,0,2370.57775734405,7738.22609071542,2,11,2,5.4
870510,2.14285714285714,3,2,19.9354196585764,39,1,2370.57775734405,2370.57775734405,2,13,6,5.2
863180,1.42857142857143,3,2,20.3392221126522,68,1,2370.51065082834,3655.32284480295,3,49,1,7
817373,2,2.66666666666667,2.33333333333333,28.5706985484666,48,1,2367,3362,0,14.4166666666667,10,4.8
804626,1.85714285714286,3,2,33.9675267591023,78,1,2365,3227,3,56.1666666666667,1,6
870620,1.42857142857143,3.33333333333333,1.66666666666667,5.52754015165617,83,1,2363.35848924265,2363.35848924265,2,58.3333333333333,1,5.8
836557,2.57142857142857,2,3,31.4295656148385,75,0,2361.92845495744,2361.92845495744,0,NA,10,4
805523,3.14285714285714,3,2,16.0990859279985,36,0,2360,2360,0,NA,NA,3
899234,1.28571428571429,2.66666666666667,2.33333333333333,42.1625892958652,61,1,2360,2360,3,29.5,2,5.6
809579,1.85714285714286,2.66666666666667,2.33333333333333,28.5706985484666,58,1,2358,2358,2,20,NA,4
817663,1,3,2,33.0754760623881,62,1,2357,2357,0,45,25,5
821856,3.14285714285714,3.33333333333333,1.66666666666667,34.1669536080293,24,0,2357,5407,0,4.75,1,5.8
877169,1,3,2,31.4295656148385,50,0,2357,2357,1,16.1666666666667,9,3.6
811984,2.57142857142857,2.66666666666667,2.33333333333333,31.4295656148385,27,1,2350,2350,0,0,0,4.6
843014,2.14285714285714,2.66666666666667,2.33333333333333,28.6518284526488,71,1,2350,2350,2,51,1,2.6
872228,2.42857142857143,3,2,33.479680052289,30,1,2350,2350,0,11.5833333333333,7,4
854495,2,2.66666666666667,2.33333333333333,30.3868239529468,47,0,2346,5991,0,13.9166666666667,3,5.2
870858,2,2.33333333333333,2.66666666666667,25.9489912686788,76,0,2341.92193477911,4332.36594905699,2,57.1666666666667,1,3
862228,1.42857142857143,2.33333333333333,2.66666666666667,31.4295656148385,56,0,2340,7638.50063836236,3,37,1,6
894796,2.42857142857143,3,2,31.4295656148385,32,0,2340,6910,0,3.83333333333333,6,5.2
869107,2.14285714285714,2.33333333333333,2.66666666666667,34.1669536080293,44,0,2338,5138,2,13.6666666666667,7,6
888641,1.42857142857143,2.33333333333333,2.66666666666667,3.3664606634298,55,1,2331,2331,2,NA,8,2.8
809494,1,2.66666666666667,2.33333333333333,34.1669536080293,59,0,2329.42006312711,5954.19637137898,2,NA,NA,5.4
804953,1.42857142857143,2.66666666666667,2.33333333333333,20.7627639119632,79,1,2329.07439491662,3237.01594280271,3,59.5,1,5.6
836392,2.71428571428571,2.66666666666667,2.33333333333333,21.2505055071332,72,0,2327.64755854855,2327.64755854855,1,NA,4,4.6
828030,2,3,2,32.2943043951793,55,0,2325.41727638461,5916.3086427917,2,35.0833333333333,6,3.6
830020,2.28571428571429,3,2,20.6623945721831,48,1,2325.41727638461,4130.89673491836,1,27.5,8,5.6
868374,1,3.33333333333333,1.66666666666667,41.4236656250027,79,1,2313.38655884916,3751.45590930494,2,NA,NA,5.2
883755,1.28571428571429,3,2,31.4295656148385,27,0,2313,6113,0,7,9,6.8
892349,1.28571428571429,4,1,31.4295656148385,56,1,2312,2312,0,5,NA,3
804516,2,3,2,18.2458545275783,46,1,2300,2300,0,27,3,5
805340,1.71428571428571,3,2,34.1669536080293,66,0,2300,2300,1,23.4166666666667,1,6.4
807977,1.85714285714286,2.66666666666667,2.33333333333333,34.1669536080293,59,0,2300,5200,2,34.8333333333333,4,6
809893,1.28571428571429,3,2,34.1669536080293,59,1,2300,2300,1,7.33333333333333,7,6
830581,1.71428571428571,2.66666666666667,2.33333333333333,34.1669536080293,34,0,2300,2300,2,3.5,6,5.2
831069,1.85714285714286,3,2,19.9403005683304,63,0,2300,2300,0,24.1666666666667,8,6.2
844406,2.14285714285714,2.33333333333333,2.66666666666667,11.3099324740202,47,0,2300,7900,1,26.0833333333333,3,5.8
846301,1.85714285714286,2.33333333333333,2.66666666666667,32.2979774958722,56,1,2300,2300,2,NA,NA,7
846362,3.14285714285714,2.33333333333333,2.66666666666667,27.7482725403253,27,1,2300,2300,0,2,NA,4.4
869317,1.14285714285714,3,2,18.434948822922,38,0,2300,4832,1,9.08333333333333,7,6
870846,1.57142857142857,2.66666666666667,2.33333333333333,34.1669536080293,55,1,2300,2300,0,12.75,5,5.8
875808,1.14285714285714,4,1,28.5706985484666,38,0,2300,5100,1,10,1,6.2
877108,2.28571428571429,2.33333333333333,2.66666666666667,18.434948822922,31,1,2300,5300,0,8.41666666666667,2,3.2
882754,1.28571428571429,3.33333333333333,1.66666666666667,34.1669536080293,72,0,2300,2300,2,17,5,2.4
890159,2,2.33333333333333,2.66666666666667,18.434948822922,63,1,2300,2300,0,6.16666666666667,40,5.6
859567,2.14285714285714,2.66666666666667,2.33333333333333,33.2065703150895,76,1,2296,2296,2,25,5,6
815411,1.42857142857143,3,2,31.4295656148385,65,0,2290,2290,2,26.1666666666667,1,6
802072,2.85714285714286,3,2,31.4295656148385,49,0,2288.37987804405,5823.62994221506,1,23,NA,6
827215,2,2.66666666666667,2.33333333333333,27.7108140152531,63,0,2288.37987804405,2904.30581825897,0,11.9166666666667,3,6
847241,2.14285714285714,3,2,31.4295656148385,47,0,2288.37987804405,7110.47817319105,0,13.0833333333333,15,6.6
852767,2.28571428571429,3,2,42.1625892958652,55,0,2288.37987804405,8661.19381844572,3,37.1666666666667,2,6
854919,1.57142857142857,2.66666666666667,2.33333333333333,-5.73909849808961,46,0,2288.37987804405,10030.4215467038,2,NA,NA,4.6
871203,1,3,2,33.0754760623881,34,0,2288.37987804405,5121.91060029569,2,14.3333333333333,3,6
882897,1.28571428571429,3.66666666666667,1.33333333333333,34.278030940609,59,0,2288.37987804405,6442.36359407611,3,12.5,2,5.2
824319,2.14285714285714,3,2,23.0124450363038,76,1,2285,2285,2,NA,3,2.4
807382,1.14285714285714,4,1,23.4773998920929,72,0,2263,2263,1,11.5,3,4.8
891409,3.42857142857143,4,1,34.1669536080293,32,0,2262.37765267777,6483.78989543277,3,17.4166666666667,1,6
821090,2.14285714285714,3,2,21.0959562069661,53,1,2257,2257,2,NA,NA,4.8
860330,2.57142857142857,3.66666666666667,1.33333333333333,30.0499136209874,74,0,2256.47716942949,2256.47716942949,1,15,10,6
872521,1.85714285714286,3.33333333333333,1.66666666666667,22.6403058246306,66,1,2256.47716942949,2996.9516628114,2,NA,NA,4.4
873568,2.14285714285714,3,2,31.4295656148385,73,1,2256.47716942949,2256.47716942949,2,22.8333333333333,5,5
882632,1.85714285714286,3,2,29.8459319496874,67,1,2256.47716942949,4381.89308562413,6,49.5,3,6
886309,3.14285714285714,2.33333333333333,2.66666666666667,-1.62992788538417,69,1,2256.47716942949,2256.47716942949,2,45.5833333333333,2,5.2
817007,2.14285714285714,3,2,19.2368591567098,56,0,2250,6150,2,40.1666666666667,2,4.4
817651,1.42857142857143,3,2,31.4295656148385,58,0,2250,6033,0,41.25,3,4.6
849920,3.85714285714286,1.66666666666667,3.33333333333333,18.434948822922,30,1,2250,5450,0,3.75,1,5
870449,2.85714285714286,2.66666666666667,2.33333333333333,15.7439347778929,47,1,2250,2250,0,5,NA,5
873999,4,2,3,29.0339866910023,28,1,2250,8250,0,0.25,4,5.8
882738,1,3,2,31.4295656148385,34,0,2250,6250,4,9.66666666666667,1,6
897653,2.14285714285714,3,2,18.7185889786798,59,0,2250,2250,1,23,25,4.2
848175,1.57142857142857,3,2,29.4949558176877,64,1,2246,2246,0,5.25,2,6.2
828387,1.28571428571429,3,2,31.4295656148385,79,1,2244,3237,2,49.5,1,6
878192,2.14285714285714,3.66666666666667,1.33333333333333,31.4295656148385,65,1,2242.47636839062,3969.28123590243,2,31.0833333333333,3,4.6
816485,2,2.66666666666667,2.33333333333333,18.3498139977418,72,1,2240,2240,2,36.25,NA,5.2
804556,1.28571428571429,3.33333333333333,1.66666666666667,36.2673349761852,45,1,2234,4014,3,15.75,1,6
849282,1.28571428571429,2.33333333333333,2.66666666666667,39.8428730267822,70,1,2233.77414136557,2233.77414136557,2,39.3333333333333,2,5.6
878375,2,3,2,34.1669536080293,42,1,2231,3207,3,21.4166666666667,NA,4.6
834368,2,3,2,34.1669536080293,51,1,2225.95543778271,3069.34387894511,0,21,35,3.6
880499,2,3,2,31.4295656148385,75,0,2221.01904400673,2221.01904400673,2,30,1,3.6
809896,2,3,2,27.9235897151384,70,1,2220.53779432496,5653.33184072071,0,42.3333333333333,NA,6.6
862704,2.14285714285714,2,3,-6.69287535783409,88,0,2219.60249536787,2219.60249536787,4,28.5,1,5.8
835293,1.42857142857143,3,2,12.9946167919165,71,0,2214,4654,3,49,0,7
839559,1.14285714285714,3,2,27.7108140152531,75,0,2214,2214,3,NA,1,5.6
866067,3.85714285714286,2.66666666666667,2.33333333333333,31.4295656148385,72,1,2210,2818,2,49.75,2,5
816769,3,2.33333333333333,2.66666666666667,19.8625854974823,33,1,2206.65631877431,4030.82389504655,0,NA,NA,4
815864,2.14285714285714,2.66666666666667,2.33333333333333,28.5138721318481,56,0,2200,3800,2,17.3333333333333,NA,2.8
819888,2.28571428571429,3,2,23.3109350353842,57,1,2200,3100,2,40,2,2.4
837112,1,3,2,28.8556612197165,63,0,2200,4000,3,46,2,7
849154,1.57142857142857,4,1,5.1944289077348,65,0,2200,4100,2,NA,NA,7
856726,1.57142857142857,2.66666666666667,2.33333333333333,22.5073881009413,87,1,2200,2989,3,62,1,4.4
886947,2.28571428571429,4,1,31.4295656148385,56,1,2200,2200,0,1,1,3
888406,1.85714285714286,2,3,10.8524908602534,45,1,2200,NA,0,NA,NA,4.4
814367,1.28571428571429,3,2,28.3690462932786,63,0,2199,5631.79404639575,2,48.25,1,6
882528,2.14285714285714,2.66666666666667,2.33333333333333,17.7446716250569,71,1,2194.12809760454,2194.12809760454,2,12,NA,4
866571,3.28571428571429,2.66666666666667,2.33333333333333,29.00641590227,64,1,2192.00170914827,3280.56030795534,2,48.5,4,4
887731,1.14285714285714,4,1,34.1669536080293,46,0,2190.50218856385,4350.50218856385,0,31.75,1,5.6
813110,1,2.66666666666667,2.33333333333333,34.1669536080293,65,1,2185.64654402031,3023.59281451948,1,40,2,7
822470,1,3.66666666666667,1.33333333333333,34.6513159120045,84,0,2185.64654402031,3659.19044113925,4,62,1,7
835601,2.28571428571429,2.66666666666667,2.33333333333333,31.4295656148385,76,1,2185.64654402031,NA,1,60.3333333333333,1,4.6
843240,2.57142857142857,3,2,10.7203802462498,74,1,2185.64654402031,2185.64654402031,1,14,2,6
855679,2.28571428571429,3,2,27.8844903531509,72,1,2185.64654402031,3023.59281451948,2,51.5,5,4.6
856719,1.42857142857143,2.33333333333333,2.66666666666667,30.6421316371647,69,0,2185.64654402031,2185.64654402031,3,40.0833333333333,3,5.2
865246,1.28571428571429,3.33333333333333,1.66666666666667,22.7600092576605,78,0,2185.64654402031,2185.64654402031,2,12.5,2,5.8
871536,2.14285714285714,2.66666666666667,2.33333333333333,31.7078157349622,71,0,2185.64654402031,3335.52527498406,2,29.5,3,2.8
878442,2.28571428571429,3.66666666666667,1.33333333333333,18.2458545275783,95,0,2185.64654402031,2185.64654402031,1,67.6666666666667,1,6
885150,2.28571428571429,2.33333333333333,2.66666666666667,20.3231368296629,74,1,2185.64654402031,2999.20032632675,3,53.9166666666667,1,3.6
889755,2,3,2,28.6949043793434,72,1,2185.64654402031,2185.64654402031,2,52.1666666666667,1,6.8
891213,2.14285714285714,3,2,28.3690462932786,65,1,2185.64654402031,3158.30570038531,2,35,4,5.4
892218,2.28571428571429,2.66666666666667,2.33333333333333,14.0362434679265,83,0,2185.64654402031,2185.64654402031,6,NA,NA,5.4
857540,2,2,3,-1.33844292102374,64,0,2183.85991292737,4002.17794182549,0,11.75,1,4.8
833200,2,2.66666666666667,2.33333333333333,32.2979774958722,70,1,2181.40763128727,4181.40763128727,5,NA,1,5.6
835299,2.28571428571429,3,2,33.9399930052343,80,1,2180,2940,3,45.4166666666667,8,4.4
892019,2.42857142857143,3,2,11.0937230115579,69,1,2179.99493683657,3084.23523313831,2,45,10,3.2
816323,2.57142857142857,3,2,31.4295656148385,67,1,2171.52167616287,2890.80742660824,2,45.8333333333333,4,5.2
849600,1.57142857142857,3.33333333333333,1.66666666666667,34.1669536080293,65,0,2160,2160,0,NA,NA,2.2
886151,2,2.33333333333333,2.66666666666667,33.8064039742528,28,0,2160,5080,0,9,1,6.2
835032,1.57142857142857,3,2,21.8014094863518,59,0,2159.81574494805,2159.81574494805,2,NA,NA,5.6
842233,2.42857142857143,3,2,23.4773998920929,64,1,2159.81574494805,3684.81574494805,1,42,3,5.8
897766,1.85714285714286,2.66666666666667,2.33333333333333,31.4295656148385,72,1,2157.41066642951,2157.41066642951,3,42.5,3,5
808758,1.28571428571429,3.33333333333333,1.66666666666667,23.8242605828954,49,1,2155,2155,0,5.83333333333333,9,5.6
830773,2.14285714285714,3,2,29.4949558176877,67,0,2150.83530282733,NA,2,39,NA,6
848614,2.57142857142857,3,2,27.8844903531509,66,0,2150.83530282733,5650.83530282733,2,32.1666666666667,NA,4.8
856796,2,2.33333333333333,2.66666666666667,28.5480233163462,72,1,2150.83530282733,5432.45103061145,1,34.3333333333333,5,3.4
872326,2.57142857142857,3.33333333333333,1.66666666666667,30.9637565320735,64,0,2150.73426188701,4549.88664028936,3,48,1,5.2
889862,1.57142857142857,2.66666666666667,2.33333333333333,31.4295656148385,48,1,2150.73426188701,5137.72630196717,3,28.3333333333333,7,4.6
826718,2,2.33333333333333,2.66666666666667,18.8356120787142,72,1,2150,4600,2,35.25,20,5.2
862344,1.85714285714286,1.66666666666667,3.33333333333333,10.9111283842834,77,1,2150,2150,4,47.0833333333333,60,5.8
887454,2,3.33333333333333,1.66666666666667,42.1625892958652,43,0,2150,4650,2,12,10,5.8
835067,1.14285714285714,3.33333333333333,1.66666666666667,31.4295656148385,72,1,2144.72264446801,3143.30295116302,2,46.75,2,6.6
870599,2,4,1,42.1625892958652,70,1,2140.49581242686,2140.49581242686,2,16.5,4,6.6
835311,2.71428571428571,3,2,34.1669536080293,61,1,2133,2133,2,NA,1,2.4
816748,1.42857142857143,3,2,40.5488259971134,45,0,2130,8902.52614482911,2,7.5,2,4.4
812399,2.42857142857143,3,2,31.4295656148385,49,0,2125.41591619464,6131.46811946984,2,46.1666666666667,1,5.4
840270,1.71428571428571,2,3,16.7873012028491,20,1,2125.41591619464,6443.20995503662,0,NA,NA,6.6
847457,1.71428571428571,3,2,27.7108140152531,62,0,2125.41591619464,4381.89308562413,6,46.5,1,4.8
865725,2.57142857142857,3.66666666666667,1.33333333333333,14.145795494103,54,0,2125.41591619464,2125.41591619464,2,30.0833333333333,1,5
881271,1.14285714285714,3.33333333333333,1.66666666666667,29.9986815395285,59,0,2125.41591619464,5045.20020908245,3,43.25,1,6
809887,1,3,2,3.3664606634298,55,0,2120,NA,2,39,1,6
845834,2,3.33333333333333,1.66666666666667,50.8335075847352,65,1,2119.38052369779,2119.38052369779,0,42.0833333333333,5,4.2
801174,1,2.66666666666667,2.33333333333333,30.8346152492318,68,0,2115.16124915538,3444.94770779126,2,50.5,1,5.6
820733,1.57142857142857,2,3,20.2361093386444,80,0,2115.16124915538,2115.16124915538,2,32.75,4,4.2
893008,1,3.33333333333333,1.66666666666667,18.2458545275783,78,0,2115.16124915538,2115.16124915538,2,39.1666666666667,1,5.4
818881,2.28571428571429,3,2,22.5741380786482,57,0,2112.66779039272,4669.40616272053,2,41,1,5.6
817065,1.42857142857143,3,2,33.6207860851233,64,1,2105.08074252495,3753.75835864319,2,18.9166666666667,5,3
865182,1.28571428571429,2,3,39.045892568835,74,0,2103.9160336872,5503.9160336872,3,37.75,4,2.2
817562,2.71428571428571,2.66666666666667,2.33333333333333,15.2551187030578,42,1,2100,NA,2,NA,NA,4.2
818139,2.85714285714286,2.33333333333333,2.66666666666667,22.5143868280354,30,0,2100,2100,0,NA,NA,3.8
821456,2.42857142857143,2.66666666666667,2.33333333333333,31.4295656148385,56,0,2100,5718.3332033858,1,24.6666666666667,25,4.8
851553,2.14285714285714,3,2,39.841448219394,73,1,2100,3000,2,57,1,5
854776,2.28571428571429,2.66666666666667,2.33333333333333,31.4295656148385,56,0,2100,5514.44086359379,2,27.25,NA,4
862466,1,4,1,12.3807569288072,63,0,2100,2100,0,15.9166666666667,4,5.6
882415,2,2.66666666666667,2.33333333333333,7.31348862803166,52,1,2100,3980,3,10.0833333333333,3,3.4
882787,3.28571428571429,3,2,9.73698827040275,44,1,2100,3556.25365937932,3,2.66666666666667,3,3.8
890882,2.85714285714286,3,2,25.4141746989046,46,0,2100,2100,2,15.0833333333333,NA,5.2
891983,3.14285714285714,2.33333333333333,2.66666666666667,2.21475512731922,34,1,2100,2100,4,10.1666666666667,5,5.4
850317,2.42857142857143,2.33333333333333,2.66666666666667,31.4295656148385,66,0,2098.20062753399,2098.20062753399,2,25.6666666666667,2,4.2
840893,1.14285714285714,2.66666666666667,2.33333333333333,18.2813412029726,56,1,2095.45775712072,2095.45775712072,1,14.9166666666667,NA,4.6
885552,1.57142857142857,3,2,27.2161115573075,77,1,2094.08386302382,2977.38637550128,2,49.9166666666667,1,4.8
822393,3,2.66666666666667,2.33333333333333,17.7838884426925,48,1,2091,2091,0,25,20,4
842251,3.28571428571429,3,2,18.1991650530454,81,1,2076,2964,2,57.25,1,5.4
893585,1.71428571428571,3,2,32.855721950433,66,0,2073.03824008809,2073.03824008809,3,19.25,5,6
817059,2.28571428571429,3,2,27.8972710309476,21,1,2071.55268939155,5420.23030550979,0,3.25,1,4
871679,1.71428571428571,3,2,19.789395007679,71,1,2068,2977,1,55,1,5.8
871969,1.14285714285714,3,2,19.3807837846511,51,1,2065.03148789771,2065.03148789771,1,5.25,27,5.4
881588,1.57142857142857,4,1,31.4295656148385,73,0,2060,2060,1,16.5833333333333,1,5
834088,3.71428571428571,2.33333333333333,2.66666666666667,36.1646267865505,36,1,2050,5050,1,9.25,32,4
834225,2.42857142857143,2.33333333333333,2.66666666666667,24.794884117159,77,1,2045.02710256972,NA,1,NA,10,3.2
888577,1,3.33333333333333,1.66666666666667,10.4374753511182,71,0,2045.02710256972,2045.02710256972,0,NA,NA,5
815246,1.28571428571429,2.66666666666667,2.33333333333333,33.6900675259798,57,1,2044.66796378958,2904.87304098489,0,30,4,5.8
898544,1.57142857142857,2.66666666666667,2.33333333333333,31.4295656148385,38,1,2040,3380,2,6,1,3.8
897772,3.28571428571429,2.66666666666667,2.33333333333333,34.1669536080293,71,1,2031.04294176697,2031.04294176697,0,30,5,3.6
864822,1.71428571428571,3,2,33.0337871851146,40,0,2025,2025,0,8,2,4.8
863330,1.42857142857143,2.33333333333333,2.66666666666667,16.7314872128709,72,1,2020,2020,0,NA,0,5.2
827438,2.14285714285714,2.33333333333333,2.66666666666667,18.434948822922,53,0,2018,2018,0,NA,NA,6
832995,3,2.33333333333333,2.66666666666667,26.565051177078,26,1,2016,12189.3632056148,0,NA,NA,4
881069,1.71428571428571,2.33333333333333,2.66666666666667,17.300527191945,64,1,2012.35519678168,4756.89611030509,1,5.08333333333333,3,4.4
899188,1.28571428571429,3,2,21.2384305274357,72,1,2009,2817,2,51.8333333333333,3,4.8
802999,2.85714285714286,2.33333333333333,2.66666666666667,26.9395280638008,37,1,2000,3500,1,9.5,2,5.2
803732,1.42857142857143,3,2,23.4773998920929,67,1,2000,2000,2,22.25,2,5.8
806521,1,3.66666666666667,1.33333333333333,37.9359582071996,61,1,2000,2000,1,36.75,3,7
811520,3.28571428571429,2.66666666666667,2.33333333333333,20.6701232759335,45,0,2000,5663.73027564298,2,30.8333333333333,1,2.2
813342,2.28571428571429,3.33333333333333,1.66666666666667,31.4295656148385,38,1,2000,3944,1,11.5,NA,6.4
819415,1.28571428571429,3,2,34.1669536080293,62,0,2000,7000,2,40,4,4.4
821893,1,3.33333333333333,1.66666666666667,28.5138721318481,47,0,2000,4900,2,27.3333333333333,1,6.2
822210,2.14285714285714,2.66666666666667,2.33333333333333,31.4295656148385,66,0,2000,4000,2,48.5,1,5.6
826416,1.71428571428571,3.33333333333333,1.66666666666667,18.434948822922,64,1,2000,2000,2,43.4166666666667,1,5.4
829257,2.57142857142857,3,2,27.4075754378184,65,1,2000,2000,2,28.25,7,3.6
836331,1.57142857142857,2.66666666666667,2.33333333333333,29.4949558176877,29,1,2000,2000,0,1.5,NA,4.6
843704,2.14285714285714,2.66666666666667,2.33333333333333,29.00641590227,54,0,2000,5000,2,31.75,5,3.2
851104,2.71428571428571,2.66666666666667,2.33333333333333,-2.38594403038881,74,1,2000,3500,2,53.9166666666667,1,4.2
853930,1.14285714285714,2.66666666666667,2.33333333333333,34.1669536080293,68,1,2000,2000,2,NA,NA,4.8
855899,2.14285714285714,3,2,31.4295656148385,41,0,2000,4512.09624408387,3,22.5,3,5.4
857821,2.14285714285714,3,2,34.1669536080293,59,0,2000,5500,2,20,NA,6.4
859506,2.14285714285714,2.66666666666667,2.33333333333333,25.088139125927,50,0,2000,4500,2,NA,NA,5.4
859658,1.42857142857143,3,2,28.7890124174635,65,0,2000,5000,0,29.5,3,6.6
862933,1,3.66666666666667,1.33333333333333,34.1669536080293,61,1,2000,2000,0,13.75,25,4.2
869094,2.28571428571429,2.66666666666667,2.33333333333333,20.8662521479982,66,0,2000,2000,0,7,100,4
871548,1,3.33333333333333,1.66666666666667,31.4295656148385,44,0,2000,3000,6,16.4166666666667,2,7
877017,2.28571428571429,3,2,31.4295656148385,49,0,2000,2000,1,26,NA,6
877413,1.71428571428571,3,2,34.1669536080293,65,1,2000,7500,5,35.5,3,6
878466,1.28571428571429,3,2,34.1669536080293,68,1,2000,2825,4,46,1,6
885238,3.42857142857143,2.33333333333333,2.66666666666667,25.4336837463955,56,0,2000,8250,2,19,NA,6.4
886291,1,3.33333333333333,1.66666666666667,28.5706985484666,45,0,2000,4574,2,21.5833333333333,4,3.2
888519,1.85714285714286,2.66666666666667,2.33333333333333,32.7352262721076,60,0,2000,2000,3,43.3333333333333,4,4.8
889239,1.14285714285714,3,2,31.4295656148385,64,1,2000,2000,4,40.0833333333333,2,5.2
890643,3.57142857142857,2,3,28.5914308458369,32,0,2000,7166,2,15.75,4,5
891152,1,3,2,31.4295656148385,57,1,2000,NA,4,40,NA,5.6
898104,1.71428571428571,3.33333333333333,1.66666666666667,24.7174409110834,64,0,2000,5238,0,39,NA,3.2
865026,1.42857142857143,3.66666666666667,1.33333333333333,36.4222834749835,57,0,1996.45961904107,12104.9369547972,2,30,3,6
838909,1.85714285714286,2.33333333333333,2.66666666666667,27.2351466993025,60,0,1986,1986,0,0,0,5
896334,3,3.33333333333333,1.66666666666667,31.4295656148385,38,0,1985,4181,2,15.1666666666667,3,4.2
894787,2,4,1,34.1669536080293,30,0,1980,1980,1,8.75,23,6.2
822113,2,2,3,20.9245017449212,73,1,1977,2933,3,53,7,2.4
802783,1.14285714285714,3.66666666666667,1.33333333333333,23.4773998920929,74,0,1975.25019170382,1975.25019170382,3,23.6666666666667,5,4.4
812414,1.42857142857143,3,2,35.1341930569156,80,0,1975.25019170382,1975.25019170382,2,NA,4,3.4
817938,1.85714285714286,2.66666666666667,2.33333333333333,30.5692241177874,69,0,1975.25019170382,3715.21709681973,2,47.6666666666667,1,4.4
818176,3,3,2,34.1669536080293,82,1,1975.25019170382,3514.80385713487,2,49.5833333333333,2,5.8
827185,1.14285714285714,3,2,40.6893741751795,78,0,1975.25019170382,1975.25019170382,0,NA,NA,6
829949,1.71428571428571,3,2,31.4295656148385,84,0,1975.25019170382,1975.25019170382,2,60.5,1,5.2
835705,2.42857142857143,3,2,15.7439347778929,74,1,1975.25019170382,1975.25019170382,2,45,3,4
882046,1.57142857142857,3,2,31.4295656148385,86,0,1975.25019170382,5454.19360235938,1,40,NA,5.2
887594,1.85714285714286,3,2,17.7838884426925,70,1,1975.25019170382,1975.25019170382,2,11,15,5.4
888189,1.28571428571429,3,2,15.4948485991386,70,1,1975.25019170382,5759.57196213877,2,NA,1,5.8
892147,2,2,3,31.4295656148385,69,0,1975.25019170382,1975.25019170382,0,0.5,0,4.8
894564,1.85714285714286,3,2,31.4295656148385,67,0,1975.25019170382,1975.25019170382,4,47.25,1,4.6
898815,2.14285714285714,2.33333333333333,2.66666666666667,18.7307935922031,66,1,1975.25019170382,1975.25019170382,2,42.25,2,3.4
801748,2.14285714285714,2.66666666666667,2.33333333333333,19.7988763545249,52,0,1975,5625,3,32.6666666666667,1,4.8
804251,2,3,2,34.1669536080293,72,1,1975,3450,2,54.25,1,5.2
828744,2.14285714285714,2.33333333333333,2.66666666666667,18.434948822922,32,0,1970,4000,0,5,3,4.6
883334,1.28571428571429,3,2,33.6207860851233,55,0,1964.65620830788,2808.71228808423,0,25.1666666666667,6,2
805908,2.57142857142857,2.66666666666667,2.33333333333333,48.3664606634298,46,0,1964.42225133551,5761.34475114846,1,12,15,2.2
814331,2.14285714285714,3,2,31.4295656148385,50,0,1964.42225133551,6786.52054648251,2,25.3333333333333,2,2.4
817297,1.85714285714286,2.66666666666667,2.33333333333333,34.1669536080293,58,0,1964.42225133551,10145.1926272928,2,37,8,5.6
827560,2,3,2,33.6207860851233,26,0,1964.42225133551,8801.04274245021,0,10.1666666666667,2,6.2
844985,2,3,2,27.3566523358648,59,0,1964.42225133551,4289.83952772012,2,17,2,5.4
875302,2.14285714285714,2.66666666666667,2.33333333333333,33.111341960372,39,0,1960,1960,0,13.4166666666667,6,4.8
822808,1.42857142857143,2,3,33.9399930052343,53,0,1954,6243,1,36.75,1,5.8
866442,2,3.33333333333333,1.66666666666667,31.4295656148385,70,0,1950,3350,4,38.75,2,5.8
813821,2.14285714285714,2,3,31.4295656148385,49,1,1947.53902642388,4562.53902642388,1,13,2,3.6
892028,1.71428571428571,3.33333333333333,1.66666666666667,31.4295656148385,63,0,1945.62740401309,1945.62740401309,3,24.25,1,3.6
898834,2.28571428571429,4,1,34.1669536080293,32,0,1945.62740401309,1945.62740401309,0,7,11,2.8
825762,2.42857142857143,3,2,31.4295656148385,40,0,1944,3944,1,11.5,3,5.4
828128,3,2.66666666666667,2.33333333333333,1.85508525349467,59,0,1943,1943,0,34.25,NA,1
842648,2.57142857142857,2.66666666666667,2.33333333333333,32.2367865521302,78,0,1935,1935,0,NA,NA,3.6
852499,2.14285714285714,3,2,30.7302152459201,55,0,1933,4445.09624408387,2,25,NA,5
817062,2.71428571428571,2.66666666666667,2.33333333333333,22.4515464560039,29,0,1932,1932,0,5.41666666666667,3,5.4
831408,2.42857142857143,3.66666666666667,1.33333333333333,9.41828241691916,66,1,1930,1930,1,11,NA,2.6
801141,1.71428571428571,2,3,19.4227092225618,78,0,1929.39620945854,3028.53370716194,3,48.25,3,4.6
825146,1,3.66666666666667,1.33333333333333,42.1625892958652,78,0,1929.39620945854,1929.39620945854,2,9.41666666666667,5,1.4
849136,2,3,2,11.0937230115579,61,0,1928,7185.53459099945,3,45,1,5.8
878125,2.71428571428571,3,2,2.60256220249981,83,0,1919.69014837589,3484.69014837589,2,57.9166666666667,1,5.6
805584,1.57142857142857,3,2,28.3690462932786,72,0,1917,1917,2,34,12,5.4
862161,2,2.66666666666667,2.33333333333333,26.6929433296569,78,1,1912.7616734759,2738.50066324347,2,NA,NA,5
847674,1,2.66666666666667,2.33333333333333,31.4295656148385,68,0,1905.83689451105,1905.83689451105,2,20.5,5,5.6
846118,1,3.66666666666667,1.33333333333333,34.1669536080293,66,1,1901.68380402402,1981.68380402402,3,46.1666666666667,3,5.4
828952,3,3,2,39.1175544099047,40,0,1900,5250,2,11.25,NA,5.8
839547,1.28571428571429,3.33333333333333,1.66666666666667,34.1669536080293,55,1,1900,7700,1,27.5,2,4
858645,2.28571428571429,3.33333333333333,1.66666666666667,34.1669536080293,49,0,1900,4522,1,31.5,8,3
862875,1.42857142857143,3,2,34.1669536080293,59,0,1900,6875.41591619464,1,25.1666666666667,5,5.6
871463,2.71428571428571,3.66666666666667,1.33333333333333,30.5692241177874,30,0,1900,8063.87767773223,0,10.1666666666667,3,4.8
874172,1,2.66666666666667,2.33333333333333,34.1669536080293,46,0,1900,4830.27618231992,2,26.0833333333333,NA,2.6
874328,3.71428571428571,3,2,30.3276341191339,73,1,1900,4500,2,55.5,5,5.4
877880,2.28571428571429,2,3,34.1669536080293,54,1,1900,7591.22694966811,1,20,6,6
893463,2.85714285714286,3,2,26.9165546169513,73,0,1900,1900,0,10.6666666666667,2,2.4
899087,1.57142857142857,3,2,12.8750015596125,72,1,1900,2888,2,45.5833333333333,3,5
881378,2.85714285714286,3,2,24.6439004657048,73,1,1891.99845177088,1891.99845177088,0,0.25,NA,4.6
816864,2.14285714285714,2.66666666666667,2.33333333333333,6.18293016594826,76,1,1885.0848017726,2768.38731425006,2,51.75,1,5.6
821096,1.85714285714286,3.33333333333333,1.66666666666667,35.3481665331957,72,1,1884.55307713707,2710.29206690464,2,47.0833333333333,1,5.8
833557,2.14285714285714,3,2,19.712031738177,68,1,1875,3325,2,2.33333333333333,2,4.4
858816,1.85714285714286,2.66666666666667,2.33333333333333,22.8097111038775,59,1,1874.87973475244,1874.87973475244,0,37.0833333333333,5,5
896615,3.28571428571429,2.33333333333333,2.66666666666667,33.0916999386824,55,1,1873,5471.80486751182,1,NA,NA,4.8
874273,2.28571428571429,4,1,34.1669536080293,48,0,1866.65711838976,1866.65711838976,2,11,10,5.2
872753,1.85714285714286,2,3,20.0520821460985,90,1,1864.36622065019,2670.61954174576,0,65,1,5
824438,1.57142857142857,1.66666666666667,3.33333333333333,26.7849955075022,50,0,1850,9850,2,11.9166666666667,2,6
872732,3,2.66666666666667,2.33333333333333,22.3481083479094,57,1,1850,NA,4,NA,NA,3
872857,1.28571428571429,2.66666666666667,2.33333333333333,33.9399930052343,46,0,1850,1850,0,12.5,NA,2
809121,1.28571428571429,3,2,34.1669536080293,68,1,1836.79390254783,1836.79390254783,2,47.0833333333333,NA,5.4
829632,1.71428571428571,3,2,34.1669536080293,79,0,1836.79390254783,1836.79390254783,2,47.5,2,5
858172,1.85714285714286,2.33333333333333,2.66666666666667,31.4295656148385,68,0,1836.79390254783,1836.79390254783,0,NA,NA,6.2
882723,1.28571428571429,3,2,32.7068268793835,66,1,1836.79390254783,1836.79390254783,2,43.8333333333333,0,6.4
894946,2.42857142857143,2.66666666666667,2.33333333333333,26.9478680607598,76,1,1836.79390254783,2674.740173047,2,60,2,5.6
812902,2.42857142857143,3,2,45,59,0,1834.70111991218,1834.70111991218,2,43.75,1,6
836224,1.28571428571429,3.33333333333333,1.66666666666667,27.7108140152531,62,0,1834.70111991218,1834.70111991218,2,35,1,5.2
882156,2,3,2,34.1669536080293,81,1,1816.15425623573,2661.43542329641,3,62,1,5.6
847387,2.71428571428571,3,2,34.1669536080293,72,1,1813.40487959113,3439.37237468368,3,50.5,1,4.4
803366,2.57142857142857,2.33333333333333,2.66666666666667,16.5810478477396,78,1,1812,2621,4,50,1,4.2
812188,3.28571428571429,3.33333333333333,1.66666666666667,31.4295656148385,65,1,1809.2819541033,1809.2819541033,2,11.4166666666667,1,5
820095,1.85714285714286,2.66666666666667,2.33333333333333,26.7871267297714,58,0,1805.47945853374,5164.26043447531,2,36.6666666666667,2,5.2
805288,3,3,2,36.4222834749835,69,1,1800,3150,2,27,3,5.2
819260,3,2,3,19.0529070740252,51,0,1800,6800,2,24,7,6
840594,1.42857142857143,4,1,14.7745502750466,78,0,1800,1800,2,60,1,2.6
844952,2.57142857142857,4,1,25.494226722291,70,0,1800,1800,1,14.0833333333333,NA,4.2
846102,3,2,3,23.0615195322935,50,1,1800,3300,0,NA,NA,4
850765,1.57142857142857,3.33333333333333,1.66666666666667,9.87559607326642,68,1,1800,1800,2,9,5,6
872363,2.14285714285714,2,3,7.09669416657536,60,0,1800,4634.93153313308,0,46.25,1,4.2
874642,2,2.66666666666667,2.33333333333333,27.1005101626425,45,1,1800,3000,0,11.0833333333333,2,5
884298,3.28571428571429,2.66666666666667,2.33333333333333,2.60256220249981,33,0,1800,1800,0,8.25,3,6
886560,1.71428571428571,3.33333333333333,1.66666666666667,28.8556612197165,56,0,1800,6044.12422588478,3,31.5,4,5.4
817880,2,3.33333333333333,1.66666666666667,17.6733068120347,61,1,1795,5725,4,38,2,3.8
815252,1.42857142857143,2.66666666666667,2.33333333333333,31.4295656148385,39,0,1792,4400,2,20.3333333333333,1,7
878070,1,3.33333333333333,1.66666666666667,26.565051177078,32,0,1792,5042,1,11.3333333333333,5,5.8
847882,1.14285714285714,3.66666666666667,1.33333333333333,28.2748652212195,81,0,1788.68789035234,1788.68789035234,1,20.3333333333333,3,3.4
830712,1.28571428571429,3,2,11.0295312239805,46,0,1786,4524,3,30.1666666666667,1,6
816003,1.42857142857143,3.33333333333333,1.66666666666667,31.1345333125194,69,0,1785,2596.11940398336,2,66.25,1,3
826159,1,4,1,48.3664606634298,37,0,1780,4014,3,15.75,1,6.8
800204,1.28571428571429,2.66666666666667,2.33333333333333,39.0412094367588,77,1,1773,2584,2,48.0833333333333,NA,6.6
829055,1.28571428571429,3,2,35.4799781342259,60,0,1770,4810,0,42.25,1,5.8
890762,1,2.66666666666667,2.33333333333333,10.8274531038254,87,1,1761.28271607576,1761.28271607576,2,NA,1,4.6
885855,1.14285714285714,3.33333333333333,1.66666666666667,27.030860259843,68,0,1760,3960,2,30.1666666666667,2,5.4
875860,1,2.66666666666667,2.33333333333333,31.4295656148385,62,0,1759.7242024343,5032.01307262598,0,22.6666666666667,5,4.6
812588,2,2.66666666666667,2.33333333333333,7.22072190495683,34,0,1754.75318166547,NA,1,18.1666666666667,2,6.2
825811,2,2.66666666666667,2.33333333333333,21.1940564815423,56,0,1754.75318166547,1754.75318166547,0,11,2,4.2
835089,2.57142857142857,3.33333333333333,1.66666666666667,0.792057092162396,61,0,1754.75318166547,1754.75318166547,2,21.5,3,6.4
843869,1.71428571428571,3,2,34.1669536080293,24,0,1754.75318166547,1754.75318166547,0,0,0,3.8
874813,2.14285714285714,4,1,32.2979774958722,53,1,1754.75318166547,1754.75318166547,1,NA,NA,4
885134,2.57142857142857,3,2,30.8346152492318,53,0,1754.75318166547,1754.75318166547,2,40,1,4.8
898028,1,2.66666666666667,2.33333333333333,31.4295656148385,52,0,1754.75318166547,1754.75318166547,2,5,NA,6
802679,2.85714285714286,4,1,23.1394617632117,56,1,1750,2500,2,23,4,5.2
827246,1,3,2,31.4295656148385,52,0,1750,5950,2,32,5,6
836993,3,3,2,27.1146341247669,75,1,1750,2600,0,49.75,1,2
888516,2,3,2,26.1183095130626,73,1,1750,3400,4,56,1,5.8
821221,2,2.66666666666667,2.33333333333333,30.7302152459201,45,0,1740,1740,0,0,0,3.6
851995,1.28571428571429,3,2,42.1625892958652,51,0,1730,4146,0,34.1666666666667,1,6.4
873117,2.28571428571429,3,2,29.4949558176877,42,0,1728,4298,2,18.5,2,6
846868,2.28571428571429,3.33333333333333,1.66666666666667,42.3214487445568,31,0,1726.80486751182,9472.50912601064,0,3.16666666666667,4,5.4
852636,2.28571428571429,3,2,34.1669536080293,43,0,1726.80486751182,5172.91878092367,2,26,2,6
871714,2,3.33333333333333,1.66666666666667,31.4295656148385,31,0,1726.80486751182,8820.85694660371,0,15.3333333333333,1,5.2
877441,2.42857142857143,3,2,21.7580692680575,27,0,1726.80486751182,NA,0,NA,NA,6.6
880990,2.42857142857143,3.33333333333333,1.66666666666667,28.2720360794327,41,1,1726.80486751182,4665.01873012388,0,NA,NA,2.2
881015,1.71428571428571,3.33333333333333,1.66666666666667,42.1625892958652,26,0,1726.80486751182,5172.91878092367,0,5.41666666666667,1,5.6
892464,1.42857142857143,2.66666666666667,2.33333333333333,28.5706985484666,52,0,1726.80486751182,14155.942698103,3,26.0833333333333,4,5.4
898187,3,3,2,31.4295656148385,57,0,1726.80486751182,4488.52700548438,1,41.5,3,4.6
875823,1.42857142857143,3,2,31.4295656148385,81,0,1725.74826699797,1725.74826699797,4,20.5,NA,4.2
860607,2.42857142857143,2.33333333333333,2.66666666666667,27.2674160919606,45,0,1722.92901714313,1722.92901714313,0,5,3,2
869277,2.57142857142857,2.33333333333333,2.66666666666667,30.6421316371647,65,1,1722,2711,2,45.3333333333333,1,2.2
857470,1.57142857142857,3.33333333333333,1.66666666666667,16.5632038576333,76,1,1720.29074892239,2603.59326139986,0,57.1666666666667,NA,5.6
815533,2.28571428571429,2.33333333333333,2.66666666666667,28.8480592853691,62,0,1710.28345322911,1710.28345322911,0,5.16666666666667,7,2.2
816839,1.14285714285714,2.66666666666667,2.33333333333333,34.1669536080293,55,1,1710.28345322911,2658.29305260989,3,NA,3,6
822851,1.28571428571429,3.33333333333333,1.66666666666667,26.565051177078,56,1,1710.28345322911,NA,6,NA,NA,4
831799,1.71428571428571,3.66666666666667,1.33333333333333,31.4295656148385,21,0,1710.28345322911,1710.28345322911,0,3.33333333333333,3,6.2
857431,1.71428571428571,3.33333333333333,1.66666666666667,10.5895708580677,59,0,1710.28345322911,1710.28345322911,0,1,NA,5.6
861477,1.57142857142857,3.33333333333333,1.66666666666667,34.1669536080293,63,0,1710.28345322911,1710.28345322911,0,25,9,5.6
879098,2,3.33333333333333,1.66666666666667,34.1669536080293,60,0,1710.28345322911,1710.28345322911,1,22,NA,4
895306,2.57142857142857,2.66666666666667,2.33333333333333,31.4295656148385,53,0,1710.28345322911,3393.32687079847,1,30,10,4.8
892959,3.28571428571429,3,2,34.1669536080293,29,0,1704,4104,1,6.91666666666667,3,6.2
809060,1,3,2,27.6459753637387,78,1,1700,2500,2,53.1666666666667,1,5
818859,3,2.66666666666667,2.33333333333333,16.4052852579344,82,1,1700,1700,2,20.75,4,5
824096,1.14285714285714,2.33333333333333,2.66666666666667,34.1669536080293,61,0,1700,8074,3,26.1666666666667,3,6.4
826086,1.42857142857143,3,2,30.7578056595071,67,0,1700,1700,3,19.6666666666667,3,4
837408,2.42857142857143,2.66666666666667,2.33333333333333,34.1669536080293,76,1,1700,1700,3,38.3333333333333,5,3.4
843780,3,2.66666666666667,2.33333333333333,17.7120120544845,56,1,1700,3200,0,0,99,4
845382,2,3,2,17.3722484840924,73,0,1700,1700,0,25.1666666666667,2,3
857321,2.14285714285714,3.33333333333333,1.66666666666667,28.5706985484666,38,0,1700,6400,0,12.5,1,6.2
857769,1.85714285714286,3,2,23.7586809252897,77,1,1700,1700,2,25.25,3,3.4
874243,2.71428571428571,1.66666666666667,3.33333333333333,25.8069282092501,49,0,1700,3980,3,NA,1,4
883026,1.42857142857143,3,2,22.4794343971031,65,1,1700,1700,4,12.4166666666667,22,2.8
811880,2.57142857142857,2.66666666666667,2.33333333333333,31.4295656148385,70,0,1699.84732576389,3335.84732576389,2,42,2,4.4
819714,2,1.66666666666667,3.33333333333333,31.4295656148385,74,1,1699.84732576389,1699.84732576389,0,19.9166666666667,1,5.2
838391,2,3,2,27.9371428265386,68,0,1699.84732576389,1699.84732576389,2,44.0833333333333,1,6
845471,1.85714285714286,3.33333333333333,1.66666666666667,17.810496387922,82,0,1699.84732576389,1699.84732576389,2,40.75,1,6
846060,1,3.33333333333333,1.66666666666667,33.9435870197518,72,0,1699.84732576389,1699.84732576389,2,11,1,4.8
846790,2.14285714285714,3,2,13.038656583023,76,0,1699.84732576389,1699.84732576389,2,18.5,2,6
855682,1.71428571428571,3.66666666666667,1.33333333333333,31.4295656148385,67,0,1699.84732576389,1699.84732576389,3,38.0833333333333,4,4.6
863693,2.57142857142857,2,3,18.2458545275783,67,1,1699.84732576389,4993.9216667804,2,NA,NA,2.2
807492,1,4,1,3.3664606634298,85,1,1698,3602,2,65.1666666666667,1,6
855035,1.85714285714286,2,3,27.8972710309476,73,0,1686.23798865666,1686.23798865666,0,7.5,NA,3.4
878781,2.57142857142857,4,1,7.32640666016955,84,0,1683.51801088701,1683.51801088701,2,NA,NA,1
808789,2.28571428571429,3,2,32.7068268793835,50,0,1683.04341756936,NA,0,20.5,NA,1.2
827944,1,2.66666666666667,2.33333333333333,31.4295656148385,45,0,1683.04341756936,6037.52072640007,3,23.25,4,5.6
847207,2.57142857142857,2.33333333333333,2.66666666666667,29.3271794904568,52,0,1683.04341756936,NA,0,NA,NA,3.6
861758,1.14285714285714,3,2,32.6887451199087,62,0,1683.04341756936,8183.04341756936,3,46.4166666666667,1,5.6
881558,4.85714285714286,1.33333333333333,3.66666666666667,-3.84603009004737,27,1,1683.04341756936,4547.04341756936,0,6.5,2,1.6
886002,1,3.66666666666667,1.33333333333333,42.1625892958652,26,1,1683.04341756936,4729.72270330757,0,0,0,4.6
800909,2.14285714285714,3,2,31.4295656148385,40,0,1681,8594.49989678763,2,22.9166666666667,1,4.4
865612,1.57142857142857,3,2,34.1669536080293,55,0,1680,7880,1,3,2,6.4
805181,1.28571428571429,2.33333333333333,2.66666666666667,23.1985905136482,50,0,1675.36144173181,1675.36144173181,1,21.5,5,5.2
860681,1.14285714285714,3,2,39.8428730267822,39,0,1675.36144173181,1675.36144173181,3,13.0833333333333,8,6
874060,2.14285714285714,3,2,18.434948822922,46,1,1675.36144173181,2484.25021105343,0,22,NA,3.6
878271,1.14285714285714,2.66666666666667,2.33333333333333,34.1669536080293,53,0,1675.36144173181,1675.36144173181,2,21.3333333333333,5,5
893411,2.14285714285714,2.66666666666667,2.33333333333333,27.5279148027142,56,0,1675.36144173181,4633.94422239919,2,19,5,5
895526,2.28571428571429,3,2,23.4773998920929,55,1,1675.36144173181,2720.50414284676,2,32.5,1,5.8
817904,1.57142857142857,3,2,11.7064367291533,73,1,1672.77350844868,4954.3892362328,2,27.25,1,6
833923,2,3.33333333333333,1.66666666666667,27.6774507933758,68,1,1671.28592819661,2647.4156511318,2,21.25,NA,4.2
891241,2,3,2,23.4773998920929,75,1,1670,2430,3,56.4166666666667,1,5.8
883202,2.28571428571429,3,2,34.1669536080293,26,0,1662,3568,0,4,17,5.4
894845,1.57142857142857,3,2,29.4949558176877,70,1,1661.78095183471,2542.62423675944,2,48.0833333333333,2,5
887893,2.57142857142857,3,2,31.4295656148385,35,0,1660.69715953828,1660.69715953828,0,7.41666666666667,7,2.2
800695,1.57142857142857,3.33333333333333,1.66666666666667,24.9047688080952,77,0,1659.066672699,1659.066672699,1,7.5,NA,4.6
813214,2.14285714285714,2.66666666666667,2.33333333333333,30.4397243806431,62,1,1656.05994671912,1656.05994671912,0,NA,0,4.6
882504,1.14285714285714,3,2,35.0097368892473,70,0,1654.02823883672,4415.54905322991,2,51,3,4.8
802096,1.28571428571429,3,2,32.6722292886831,73,0,1650,3400,4,52.4166666666667,1,5.4
818112,1.71428571428571,3,2,15.4740126887583,68,0,1650,3100,2,46.4166666666667,4,5.2
823082,3.85714285714286,1,4,17.8270588530833,27,1,1650,3050,1,6.16666666666667,3,5.2
862777,1,3,2,24.2690445271734,79,1,1650,2338,2,NA,1,5.6
868353,2,2.33333333333333,2.66666666666667,45,65,1,1650,1650,0,15,20,5.2
842141,2.42857142857143,2.66666666666667,2.33333333333333,28.3690462932786,23,0,1648.67761611824,5420.23030550979,0,3.41666666666667,2,4.6
823403,2.42857142857143,2.66666666666667,2.33333333333333,18.3444342386427,51,1,1648,2048,2,NA,2,6
828381,3,2.66666666666667,2.33333333333333,28.8556612197165,62,1,1632.9036937562,1632.9036937562,3,NA,NA,2.2
834655,1.71428571428571,3,2,31.6075022462489,28,0,1632.9036937562,1632.9036937562,0,9.75,1,3.4
824365,1,2,3,18.434948822922,68,1,1627,1627,0,40.25,NA,5
837182,1.42857142857143,3.66666666666667,1.33333333333333,-3.52919029936702,66,1,1618.42908214305,1618.42908214305,0,50.1666666666667,4,2.8
846817,2.42857142857143,3,2,23.0968219181608,66,0,1618.42908214305,1618.42908214305,0,16.1666666666667,3,4.2
814743,1.85714285714286,3.66666666666667,1.33333333333333,34.1669536080293,66,0,1617,3333,2,45.8333333333333,NA,5.4
810284,2.14285714285714,2.33333333333333,2.66666666666667,25.3221424787954,65,1,1615,1615,0,NA,NA,5
800289,2.42857142857143,3,2,18.434948822922,65,0,1613.60284129551,4075.13649020805,2,33.5833333333333,6,4
866674,1.42857142857143,3,2,25.9555446004028,76,1,1609,2396,2,52.0833333333333,1,5.8
827029,1.71428571428571,2.33333333333333,2.66666666666667,3.47631274920113,67,0,1607.61678356573,1607.61678356573,2,24,2,3.8
801370,2.28571428571429,3.33333333333333,1.66666666666667,21.2894380806518,81,1,1604.91532277329,2486.98811468577,2,57,1,4
885165,1,4,1,41.7147235252616,83,1,1604,2454,2,62.5,1,3.4
800762,1.57142857142857,2.33333333333333,2.66666666666667,36.4222834749835,48,0,1600,7800,3,28,1,6.2
814337,1.71428571428571,1.66666666666667,3.33333333333333,10.5895708580677,23,1,1600,4700.03036551202,0,2.08333333333333,2,4.4
818652,2.28571428571429,3,2,26.1183095130626,55,1,1600,3800,0,12.1666666666667,NA,3.4
823489,2.14285714285714,3,2,28.2720360794327,68,1,1600,5203.29373809158,2,24.1666666666667,5,6
824420,1.71428571428571,1.33333333333333,3.66666666666667,18.2458545275783,53,1,1600,1600,0,5.58333333333333,1,2.2
832067,2.28571428571429,3.33333333333333,1.66666666666667,26.462186333354,45,0,1600,4606.46740420496,3,13.0833333333333,18,5.4
833782,2.85714285714286,3.33333333333333,1.66666666666667,36.1796204479789,31,0,1600,3900,1,4.16666666666667,4,5.4
852429,1.57142857142857,3,2,17.8092787536748,77,0,1600,1600,5,46,1,4.8
879177,1,3,2,21.3078471408241,63,1,1600,1600,1,42.0833333333333,5,5.6
867367,2,3,2,16.9581798477555,63,0,1596,1596,2,18.3333333333333,2,4.8
827792,2.28571428571429,2.66666666666667,2.33333333333333,34.1669536080293,80,1,1587.37161446374,2447.34610339907,2,5,1,4.8
845297,2,4,1,31.4295656148385,36,0,1585,2785,0,1.25,12,1.6
810568,3.57142857142857,1,4,23.4078073493376,72,1,1582,2344,0,NA,3,1.6
837952,3.14285714285714,3,2,18.434948822922,26,0,1580,4730,0,7.58333333333333,30,3
883721,1,3.33333333333333,1.66666666666667,31.4295656148385,72,1,1578,1578,2,14.1666666666667,2,5.6
822891,3.14285714285714,3,2,27.6774507933758,54,0,1576.58937109727,5931.06667992798,1,35,NA,4.2
838272,1.71428571428571,3,2,34.1669536080293,77,1,1573.89514162478,2516.4725536655,2,47.3333333333333,6,6.2
886996,1.28571428571429,3,2,31.4295656148385,70,1,1570,1570,1,7.41666666666667,10,3.2
810711,2.28571428571429,2.66666666666667,2.33333333333333,31.4295656148385,83,0,1564.47132133266,1564.47132133266,2,54.3333333333333,1,4.8
837039,1.28571428571429,3,2,34.1669536080293,71,0,1564.47132133266,1564.47132133266,2,10.9166666666667,1,3.8
858087,1.71428571428571,2,3,14.145795494103,70,0,1564.47132133266,1564.47132133266,2,18,NA,5.4
860778,2,3,2,28.332236960373,67,0,1564.47132133266,3014.47132133266,2,39.1666666666667,3,3.8
866744,2.28571428571429,3,2,21.267060195928,72,0,1564.47132133266,1564.47132133266,0,10.4166666666667,2,5.2
861233,1,2.66666666666667,2.33333333333333,29.00641590227,62,0,1562,5008.11391341185,3,39.6666666666667,1,5.6
839010,2.14285714285714,3,2,30.9174382078765,63,1,1561,2533.65915636499,2,22.3333333333333,15,2
828817,1.71428571428571,2.33333333333333,2.66666666666667,3.27048792318357,79,1,1560.43499640791,1560.43499640791,0,2.25,4,5
810006,1.85714285714286,3,2,29.4949558176877,62,1,1556.07897737593,2456.98786541949,2,47,NA,3.4
816049,2,3,2,32.2979774958722,57,0,1555.66585874807,4513.53817931369,2,36.5833333333333,1,3.2
895300,2.28571428571429,2.66666666666667,2.33333333333333,21.6659587232902,76,1,1555.05552605027,1555.05552605027,1,47,1,5.6
844934,2.57142857142857,3,2,29.0041676864771,64,0,1552.40747421358,4332.98575056159,2,45.1666666666667,3,5.8
847796,4,2.66666666666667,2.33333333333333,13.0121975767324,71,1,1550,3023.54389711893,3,NA,0,6
874707,1.42857142857143,3.66666666666667,1.33333333333333,22.5205656028969,33,1,1550,1550,0,8,NA,4.6
820455,1.57142857142857,3,2,45,48,1,1546,1546,0,5.5,NA,3.8
802911,2.14285714285714,3,2,18.434948822922,72,1,1539.55366543106,3729.60100759177,1,46.5833333333333,2,6
840313,1.57142857142857,3,2,35.2933475906603,77,0,1539.55366543106,3514.80385713487,2,49.3333333333333,3,5.8
850408,1.57142857142857,2.66666666666667,2.33333333333333,34.1669536080293,67,0,1539.55366543106,3584.58076800077,0,35.6666666666667,11,5
842178,1.14285714285714,2.33333333333333,2.66666666666667,4.76364169072618,72,1,1535,2551,2,52,2,5.8
804473,1.57142857142857,3.66666666666667,1.33333333333333,31.4295656148385,38,1,1531.29498805937,3127.83416483604,0,5.16666666666667,NA,6.4
833346,2.14285714285714,2,3,1.23863467089688,78,0,1524,1524,2,35.4166666666667,1,5.4
854846,2.14285714285714,4,1,34.2755514625288,75,1,1524,2294,1,NA,NA,2
800988,1.42857142857143,4,1,34.1669536080293,50,0,1517.87903717574,1517.87903717574,2,10,NA,4
831655,2.71428571428571,3,2,28.5706985484666,61,1,1502.63927997334,2862.200104006,1,35.4166666666667,12,3.6
815417,1.42857142857143,3.33333333333333,1.66666666666667,31.4295656148385,69,0,1500,3500,2,53.75,1,6
819686,1.42857142857143,2,3,34.1669536080293,66,0,1500,1600,3,25.8333333333333,2,3.2
829882,1.57142857142857,3,2,22.0871716032283,61,1,1500,1500,0,6.16666666666667,3,7
830554,3.71428571428571,2.66666666666667,2.33333333333333,26.565051177078,34,1,1500,3000,2,15.5833333333333,4,4.4
832931,2.57142857142857,2.66666666666667,2.33333333333333,26.0905628151708,48,0,1500,7600,3,31.6666666666667,1,5.4
832989,1.28571428571429,2.66666666666667,2.33333333333333,24.1540214304668,74,0,1500,1500,2,45.5,1,5.4
833441,2.28571428571429,3,2,34.1669536080293,46,0,1500,1500,5,15.25,NA,4.8
834149,2,3,2,34.1669536080293,58,1,1500,NA,2,NA,NA,5
839501,1,3.66666666666667,1.33333333333333,21.5197611534196,45,0,1500,10144.5820912666,3,26,1,5.4
850332,2,3,2,32.6849815207256,77,0,1500,7500,3,10,1,5
855929,1.71428571428571,3,2,4.99676066457135,68,1,1500,3000,0,16.75,4,5.8
864599,1.42857142857143,2.33333333333333,2.66666666666667,11.0937230115579,83,1,1500,1500,1,25,2,1.4
866088,2.57142857142857,3,2,34.1669536080293,56,0,1500,NA,4,NA,1,5.2
888934,2.28571428571429,2,3,34.1669536080293,68,0,1500,6500,1,29.4166666666667,3,5.6
890917,3.71428571428571,2.66666666666667,2.33333333333333,31.952257790287,39,0,1500,3000,3,15.5,2,5
894622,1,3,2,42.1625892958652,62,0,1500,5300,4,NA,NA,5.8
894750,2.42857142857143,3,2,42.1625892958652,84,1,1500,1500,3,60.25,2,5.6
807580,2.85714285714286,2,3,16.6278624858173,69,1,1497.39318578535,1497.39318578535,0,NA,NA,3.2
816836,2,2.66666666666667,2.33333333333333,34.1669536080293,79,1,1497.39318578535,1497.39318578535,0,NA,NA,6.4
819207,1.28571428571429,2.66666666666667,2.33333333333333,20.7494246475867,67,0,1497.39318578535,2970.93708290429,2,20.75,2,2
827636,2.42857142857143,3,2,26.3180881396517,70,1,1497.39318578535,1756.31445582059,3,48.5,2,5.6
829016,2.28571428571429,3,2,26.9276778510405,75,0,1497.39318578535,1497.39318578535,3,10,2,4
832141,1,3,2,34.0517785003793,74,1,1497.39318578535,1497.39318578535,3,NA,NA,5.2
845501,2.57142857142857,3,2,38.3007168446404,70,1,1497.39318578535,1497.39318578535,0,1.66666666666667,100,4.6
847283,2.14285714285714,3.33333333333333,1.66666666666667,21.2505055071332,80,0,1497.39318578535,3648.22848861268,2,60.1666666666667,2,4.8
853652,2,2.33333333333333,2.66666666666667,25.9213054629026,73,1,1497.39318578535,1497.39318578535,2,49.5,2,5
868267,1.42857142857143,3,2,35.1838366212463,72,0,1497.39318578535,1497.39318578535,0,30.4166666666667,3,5.6
872436,2.42857142857143,2,3,30.0294017615147,76,0,1497.39318578535,1497.39318578535,3,45,1,4.6
883801,1.57142857142857,2.66666666666667,2.33333333333333,45,67,1,1497.39318578535,1756.31445582059,3,43.25,1,3.8
884136,1,4,1,31.4295656148385,68,0,1497.39318578535,1497.39318578535,3,14,5,4.6
884246,1.57142857142857,3,2,13.4058752411366,72,0,1497.39318578535,1497.39318578535,3,35,2,5.2
888024,3.14285714285714,2.66666666666667,2.33333333333333,31.7078157349622,69,1,1497.39318578535,NA,4,NA,NA,4
894198,2.14285714285714,2.66666666666667,2.33333333333333,19.5731258304102,78,1,1497.39318578535,2970.93708290429,0,54,1,5.4
845993,1.14285714285714,3.66666666666667,1.33333333333333,31.4295656148385,74,0,1497,1497,2,50.5833333333333,1,4.6
822705,2.28571428571429,3.33333333333333,1.66666666666667,20.005435351445,58,0,1494.11826284302,4182.53492394057,1,19,2,6.2
848968,2.57142857142857,2,3,34.1669536080293,55,0,1494.11826284302,4766.40713303471,2,32,15,4.8
880749,3.71428571428571,2,3,40.3417458903244,26,0,1494.11826284302,4494.11826284302,2,9.16666666666667,3,5.2
883587,1.71428571428571,2.66666666666667,2.33333333333333,42.1625892958652,52,0,1494.11826284302,2973.94136861751,0,37.75,1,6
860427,1,2.66666666666667,2.33333333333333,31.4295656148385,64,0,1485.90230087805,1485.90230087805,4,NA,NA,6
804067,2.14285714285714,3.33333333333333,1.66666666666667,31.4295656148385,69,0,1475,3450,2,50.25,1,3.4
809033,1.42857142857143,3.66666666666667,1.33333333333333,28.5879022736216,71,0,1473.54389711893,2970.93708290429,3,NA,NA,5.2
855125,1.42857142857143,2.66666666666667,2.33333333333333,31.360947947628,67,0,1473.54389711893,13935.4019677278,3,NA,1,3.8
859292,2,2.66666666666667,2.33333333333333,29.3318395782475,65,1,1473.54389711893,5828.02120594965,0,12.5,15,4.8
891333,1,4,1,30.8346152492318,71,0,1473.54389711893,4593.14974119801,2,52.25,1,6
800463,2.71428571428571,2.33333333333333,2.66666666666667,17.8188889145228,28,1,1472,1472,0,1.08333333333333,1,3.8
813302,2.14285714285714,3,2,31.3540487207793,23,1,1469,1469,0,1.16666666666667,30,3.8
803805,1.57142857142857,3.33333333333333,1.66666666666667,20.2825590889166,76,1,1464.01053818787,2344.8538231126,2,59.6666666666667,1,6.6
857174,2.28571428571429,2,3,31.4295656148385,56,0,1462,6062,2,26,2,6
810034,2.42857142857143,3,2,28.5706985484666,24,0,1456.25365937932,17939.0963963618,0,5,6,5.4
898684,2.14285714285714,2,3,23.6579969987627,61,0,1456.25365937932,4364.89732202875,0,44.1666666666667,2,4.2
852886,1,2.33333333333333,2.66666666666667,29.4110643248139,70,0,1452,5260,2,32.9166666666667,2,5.8
809713,1.42857142857143,3,2,18.7209486747171,72,0,1450.68705605766,1450.68705605766,3,10,3,4.8
871658,2.28571428571429,2.66666666666667,2.33333333333333,31.5169399725947,71,1,1450.68705605766,2421.83666575991,1,48.25,1,4.8
884320,1,3,2,35.4068657372697,50,0,1449.4833052313,1449.4833052313,3,NA,NA,4
835488,2,3,2,35.1341930569156,65,1,1446.69332649477,2728.69332649477,3,41.5,1,4
824685,1.14285714285714,3,2,31.4295656148385,70,0,1438.06935045578,3751.45590930494,2,51,NA,4.8
836529,2.85714285714286,3.66666666666667,1.33333333333333,33.0754760623881,71,1,1430.73376830528,8063.87767773223,5,40.1666666666667,1,2.6
849273,2.28571428571429,3,2,10.6661867598448,75,0,1430.73376830528,1430.73376830528,2,22.3333333333333,1,5.2
882876,1.71428571428571,2.33333333333333,2.66666666666667,13.9648913509973,66,1,1430.73376830528,2052.60958051747,1,44.0833333333333,NA,3.8
888348,2,3,2,40.1390348269016,73,1,1430.73376830528,2207.86602435945,3,57.1666666666667,1,5.8
842990,1.28571428571429,3.66666666666667,1.33333333333333,21.7442850989853,68,1,1424.09122852484,1424.09122852484,1,17,15,1
892630,2.71428571428571,3,2,5.99409294910847,66,0,1422.76323563412,1422.76323563412,3,25.25,5,3.4
815127,1,3.33333333333333,1.66666666666667,31.4295656148385,67,0,1418,3325,2,49.4166666666667,1,5.6
832305,2.85714285714286,1.66666666666667,3.33333333333333,15.59796158466,76,1,1417.45298367085,2277.42747260618,1,52.0833333333333,1,5.8
800500,1.28571428571429,3,2,26.3354100038813,66,1,1410,2185,3,43.5833333333333,5,2.6
890344,1.42857142857143,3.33333333333333,1.66666666666667,32.2979774958722,71,0,1407.94617786543,3523.1074270208,2,47.25,1,6
875021,1.28571428571429,2,3,45.7721335711159,47,0,1404.15083884165,1404.15083884165,1,6,4,4.8
816311,1.71428571428571,3,2,31.4295656148385,71,0,1400,4300,2,55.1666666666667,3,5.8
830154,3.57142857142857,2.33333333333333,2.66666666666667,18.434948822922,39,0,1400,4400,2,11.25,NA,4.4
830673,2,3,2,23.4773998920929,58,0,1400,9200,3,40,1,6
835839,2,2.66666666666667,2.33333333333333,18.6101647278273,49,0,1400,5600,3,19.8333333333333,2,4.6
847109,1.57142857142857,3,2,18.5954407827566,93,0,1400,4900,1,36,1,3.6
865121,2,2.66666666666667,2.33333333333333,32.5095942820908,66,0,1400,5576.52718807257,0,22.9166666666667,NA,4.8
802761,1,3.33333333333333,1.66666666666667,15.9983005761119,33,1,1399,1399,0,6.33333333333333,4,1
815451,2.14285714285714,3,2,30.8346152492318,68,1,1397.56412109849,1397.56412109849,2,12.25,12,3.6
854632,2.14285714285714,2,3,1.85508525349467,70,1,1393.59102265611,1393.59102265611,0,NA,NA,3.8
827569,2,3,2,30.5692241177874,78,1,1384.32654295196,2240.62477088048,2,55.4166666666667,4,5.6
848669,2.85714285714286,3,2,21.2374003427888,39,1,1383.06931378164,1383.06931378164,0,0,100,5.2
838092,2,3,2,22.8957970814386,69,0,1377.71428437186,1377.71428437186,1,12.5,10,4
817895,2.28571428571429,3,2,27.5880813657458,70,1,1375,1661.99204008017,3,25.4166666666667,1,5.6
870062,1.28571428571429,4,1,30.8346152492318,63,0,1368.04005121343,1368.04005121343,2,15.25,1,2.8
894696,1.14285714285714,3,2,36.4411252609024,69,0,1368,3297,1,51.5,1,3.6
816237,1,4,1,42.1625892958652,28,0,1363.63586816885,4729.72270330757,0,7,0,4.2
825088,2.57142857142857,2.33333333333333,2.66666666666667,31.4295656148385,29,1,1363.63586816885,4322.21864883623,0,2.41666666666667,NA,4.6
893377,2.42857142857143,3.33333333333333,1.66666666666667,29.00641590227,23,0,1363.63586816885,2241.71352614781,0,2.75,4,6
813729,3.14285714285714,3,2,28.5706985484666,53,0,1359.56082403266,2862.200104006,0,35.4166666666667,2,4
813717,1.85714285714286,3,2,25.4633450618716,71,0,1359.22323109813,3680.42582279119,6,16.3333333333333,1,3.6
857571,1.28571428571429,3,2,34.1669536080293,68,0,1359.22323109813,1359.22323109813,1,14.5,3,4.4
838296,2.57142857142857,4,1,10.3272538901943,75,1,1347.35431773511,2230.65683021257,2,52.6666666666667,1,4.2
820846,2.14285714285714,3,2,28.5706985484666,40,0,1347,4529.85199378813,2,18.1666666666667,NA,4.2
836112,3.14285714285714,2,3,5.29008120537127,90,0,1343.40119072106,1343.40119072106,2,60.8333333333333,1,6.6
812313,3.57142857142857,2.66666666666667,2.33333333333333,18.434948822922,36,0,1341.91695975884,8063.87767773223,2,5.16666666666667,4,4.2
819235,1.71428571428571,3,2,34.1669536080293,56,0,1341.91695975884,NA,2,40.25,1,5
879409,2.28571428571429,2,3,34.1669536080293,71,1,1338.1328325992,1338.1328325992,0,NA,NA,2.8
878610,2.14285714285714,3,2,34.1669536080293,80,1,1334,2668,2,66.25,6,4.4
876608,1.42857142857143,3,2,11.5005999216525,55,0,1333.00201213017,1333.00201213017,2,33,3,4.4
881655,1,4,1,31.4295656148385,26,0,1330.5734811848,1330.5734811848,0,8,NA,1
860388,1.85714285714286,3,2,32.7068268793835,60,0,1330.00973705624,2730.00973705624,2,44.1666666666667,4,4
848242,1.57142857142857,3.33333333333333,1.66666666666667,34.1669536080293,22,0,1329.0780070536,1329.0780070536,0,5,5,3.6
892767,4.71428571428571,2.66666666666667,2.33333333333333,24.8205413354891,26,0,1329.0780070536,8394.12838375224,0,10,5,1.8
898141,2.28571428571429,3.66666666666667,1.33333333333333,31.6540337299386,21,0,1329.0780070536,1329.0780070536,0,4.08333333333333,1,5.4
802578,1.57142857142857,3,2,31.4295656148385,73,0,1326.2894085097,1326.2894085097,2,30,5,4.2
816629,1,2,3,34.1669536080293,51,0,1325,6991,2,33.5,2,5.8
883694,1,2.66666666666667,2.33333333333333,42.5231007393484,61,0,1325,1325,3,NA,NA,5.8
897067,1,3,2,32.0053832080835,78,0,1322.34480339535,1322.34480339535,0,39.5833333333333,1,5
815359,2.14285714285714,2.33333333333333,2.66666666666667,30.1960198437295,29,0,1317.79218336631,3869.81791278107,0,10.1666666666667,4,2.8
831677,1.57142857142857,2.33333333333333,2.66666666666667,34.1669536080293,58,0,1317.7233948984,1317.7233948984,0,9.5,12,5.8
890612,2,2.33333333333333,2.66666666666667,19.5463677333418,77,0,1317.08782776129,1317.08782776129,3,46.1666666666667,1,2.2
826968,2.71428571428571,2.33333333333333,2.66666666666667,31.4295656148385,40,1,1307.90950879188,2907.90950879188,2,NA,NA,4
830329,2.42857142857143,2.33333333333333,2.66666666666667,12.9946167919165,28,1,1307.90950879188,8394.12838375224,0,8,5,6.2
882775,3.57142857142857,1.66666666666667,3.33333333333333,11.0937230115579,52,1,1307.90950879188,5594.90154887204,2,30,NA,2.4
894522,2,3,2,25.893646994228,59,0,1307.90950879188,4665.28240242306,2,40,1,2.8
861599,1.57142857142857,2.66666666666667,2.33333333333333,34.1669536080293,67,1,1303.87122323727,4227.11463612587,2,40,1,6.2
803237,1.57142857142857,3,2,37.6352537550173,78,0,1300,1300,2,6.66666666666667,0,5.4
811199,2.14285714285714,3.33333333333333,1.66666666666667,30.3276341191339,68,1,1300,2075,1,41.25,NA,3.2
811437,1.71428571428571,3.33333333333333,1.66666666666667,18.434948822922,33,0,1300,1470,1,2.25,40,6.2
822354,1,3.33333333333333,1.66666666666667,34.1669536080293,60,0,1300,1654.27563971952,3,40,3,6.2
828112,2.14285714285714,2.66666666666667,2.33333333333333,25.6681259451166,41,0,1300,5400,3,21.5,2,4
850289,2.14285714285714,2.66666666666667,2.33333333333333,24.1735777335126,91,0,1300,1300,1,NA,1,3.6
859671,1.42857142857143,3,2,42.1625892958652,49,1,1300,1300,0,0,5,4.6
868157,2,3,2,33.281305522836,63,0,1300,2050,0,37.5,2,5.4
869293,1.57142857142857,3.33333333333333,1.66666666666667,31.7694915785975,67,0,1300,5980,3,45.0833333333333,1,5
869580,1.28571428571429,3.33333333333333,1.66666666666667,28.6518284526488,71,0,1300,2870,2,54.5833333333333,1,5.6
873233,2.28571428571429,3,2,28.6518284526488,90,1,1300,2100,6,50,2,3.6
883453,3.42857142857143,3,2,29.8068561559663,32,0,1300,1300,2,17.5,1,5
885903,1.14285714285714,2.66666666666667,2.33333333333333,26.6874778700581,74,0,1298.71097359632,2170.95370232253,1,40.25,8,2.2
884936,1.71428571428571,3,2,28.9051631768359,58,0,1297.61472197545,4993.9216667804,2,37,2,4
818032,2,2.66666666666667,2.33333333333333,30.7302152459201,63,1,1291,1291,4,11.9166666666667,1,3
818560,2.28571428571429,3,2,29.4949558176877,59,1,1290.28263349536,1290.28263349536,0,6.66666666666667,NA,5.2
842227,1,3,2,22.7360048825815,65,0,1284.81219397461,3655.32284480295,3,45.4166666666667,1,6
804412,2.28571428571429,3,2,31.7694915785975,58,1,1281.35378982636,1281.35378982636,0,8.16666666666667,NA,3.6
811141,1.42857142857143,3,2,31.3540487207793,60,0,1278.52753627325,NA,3,42.25,1,6
822949,2,3,2,8.29714496983688,76,0,1278.02613731045,2446.51564046751,2,1.16666666666667,3,2.8
848983,1.42857142857143,3.66666666666667,1.33333333333333,31.4295656148385,67,0,1278.02613731045,3253.27632901426,6,46.1666666666667,1,5.2
899914,1.85714285714286,2.66666666666667,2.33333333333333,9.8879888155778,67,0,1278.02613731045,3393.18738646582,2,NA,2,4.4
861257,2.42857142857143,2.66666666666667,2.33333333333333,0.666199970183146,76,1,1277,2250,3,61.1666666666667,2,4
845700,1.85714285714286,3,2,34.1669536080293,58,1,1276.89275690953,1276.89275690953,1,10,25,3.2
826986,2.14285714285714,3,2,31.4295656148385,71,0,1272.86560075307,2834.64587490757,2,27.75,4,3.4
871231,2.71428571428571,4,1,31.4295656148385,68,0,1272.51959801806,1272.51959801806,2,27.3333333333333,4,1
890692,1.42857142857143,3,2,32.8741095555505,47,0,1270,1722,0,29.25,1,5
889123,1.57142857142857,4,1,25.6681259451166,56,1,1269,1269,0,5,6,3.6
803695,1.57142857142857,2.66666666666667,2.33333333333333,18.7185889786798,49,0,1265.00775165086,1265.00775165086,0,10,NA,5.4
869793,1.28571428571429,4,1,33.6207860851233,76,0,1256,1256,2,16.75,3,3.4
823287,1.71428571428571,3,2,42.1625892958652,64,0,1254.62164290402,1254.62164290402,0,40.5833333333333,1,4.2
876913,1,3,2,34.3697008860492,56,1,1254.62164290402,1254.62164290402,0,11,NA,4.6
894433,1.57142857142857,2.66666666666667,2.33333333333333,23.8059435184577,81,0,1254,4001,3,52.25,1,5.4
881600,1.71428571428571,2.66666666666667,2.33333333333333,18.434948822922,48,1,1252,1252,1,12,12,1.6
851364,2,3,2,15.751173663453,59,0,1251.78251916202,5378.58738667383,3,33.75,3,3.8
825262,2,3,2,34.1669536080293,69,0,1250,6750,3,48.25,1,5.4
832400,1.42857142857143,4,1,33.6207860851233,38,0,1250,4150,4,15.1666666666667,1,3.4
815399,1.57142857142857,3.33333333333333,1.66666666666667,31.4295656148385,71,0,1239.39161094985,3495.86878037935,3,16.0833333333333,2,4.8
874288,2.42857142857143,4,1,34.1669536080293,41,0,1234.63902643908,5523.3108846812,2,25.25,1,3.2
871194,2.28571428571429,3,2,27.7108140152531,32,0,1233.88680035512,1233.88680035512,2,8.16666666666667,5,5.6
849539,2,3,2,28.6518284526488,70,0,1233.36920041177,3843.24597716714,3,48.6666666666667,1,2.8
887249,1.28571428571429,2.33333333333333,2.66666666666667,31.4295656148385,75,0,1231.6840583119,5065.71224179375,0,49.5,15,4.8
870538,3.14285714285714,3.33333333333333,1.66666666666667,29.9986815395285,71,0,1229.46326473645,1229.46326473645,0,2.25,12,1.4
807403,1,2.66666666666667,2.33333333333333,30.4933584024757,65,0,1227,3233,3,23.5833333333333,2,6.2
872854,1.71428571428571,2.33333333333333,2.66666666666667,32.2245330172405,91,0,1225,1225,0,10.5,4,4
864721,1.14285714285714,3.66666666666667,1.33333333333333,34.1669536080293,77,1,1217.75546378006,3271.57946728162,3,62,1,5.4
897253,1.71428571428571,2.66666666666667,2.33333333333333,25.8024236115965,54,1,1217.63032505483,1217.63032505483,0,NA,NA,1.2
834848,1.28571428571429,1.66666666666667,3.33333333333333,13.4273845646496,53,0,1216.15400724555,1216.15400724555,2,NA,NA,2.2
863128,2.57142857142857,2.66666666666667,2.33333333333333,42.1625892958652,32,0,1216,1216,1,10.1666666666667,5,4.2
884277,1.14285714285714,3,2,-0.276789052177756,70,0,1215,1215,4,13,3,1.6
893252,1.85714285714286,3,2,33.0754760623881,38,0,1211.5025676706,3336.91848386524,1,10,4,2.2
871444,1.57142857142857,2.33333333333333,2.66666666666667,18.7372984148987,67,1,1200.91903900553,4125.91903900553,1,34.5,2,6.2
801272,2.14285714285714,2.33333333333333,2.66666666666667,23.4773998920929,47,0,1200,10200,1,29.6666666666667,1,5.6
819515,1.28571428571429,3,2,32.2979774958722,67,0,1200,1200,2,33.5,1,6
820193,2.14285714285714,3,2,30.6506679570529,33,0,1200,1200,1,2.25,3,1
831503,2,2.33333333333333,2.66666666666667,34.1669536080293,67,1,1200,1200,4,13,NA,4.8
844149,1.85714285714286,3.33333333333333,1.66666666666667,34.1669536080293,41,1,1200,1200,1,NA,NA,4
853186,1.85714285714286,3,2,18.8094257096448,70,0,1200,3800,3,55,NA,6
869937,2,2.33333333333333,2.66666666666667,21.8014094863518,72,1,1200,4400,2,37.25,5,5.4
873382,2,3,2,32.7068268793835,30,1,1200,1200,0,4.25,1,5.4
877416,1,3,2,32.2943043951793,68,1,1200,1650,2,33.25,20,6.2
883346,2,2.33333333333333,2.66666666666667,-6.70983680775694,90,0,1200,1200,4,34.0833333333333,1,5.6
889422,2.57142857142857,3,2,6.3144176677955,54,0,1200,3760,2,22.6666666666667,6,5.6
843756,1,2.66666666666667,2.33333333333333,31.4295656148385,44,0,1192.20671756872,2825.11041132492,1,NA,NA,6
839739,1,3.66666666666667,1.33333333333333,32.3717780826096,64,1,1180.80013570058,1180.80013570058,0,13.1666666666667,15,1.6
834417,1.42857142857143,2.33333333333333,2.66666666666667,22.3801350519596,79,1,1168.48950315706,2446.51564046751,2,5.33333333333333,0,5
834982,2.85714285714286,2.66666666666667,2.33333333333333,31.7411278178193,81,1,1168.48950315706,1825.72366022577,4,60.0833333333333,1,5.2
848663,1,3,2,19.4861295724658,68,1,1168.48950315706,2192.09113534967,3,41,1,6
834652,2.28571428571429,3.66666666666667,1.33333333333333,20.8662521479982,60,0,1161.99328953552,5815.37333701214,2,44.1666666666667,1,3.8
848757,2.14285714285714,2.66666666666667,2.33333333333333,25.6681259451166,44,1,1161.99328953552,3705.13834572332,0,5.33333333333333,1,3.2
858990,2.42857142857143,3.33333333333333,1.66666666666667,28.5480233163462,56,0,1160,5390.49665871959,2,30,4,6
868920,2.71428571428571,2.33333333333333,2.66666666666667,26.565051177078,69,0,1157.51587442806,3657.32714525687,2,45.5833333333333,2,1.4
833450,1.57142857142857,3,2,32.2979774958722,74,0,1149.87873096375,3406.35590039324,2,53.3333333333333,1,5.8
848458,2.57142857142857,3.33333333333333,1.66666666666667,29.838757421862,69,0,1149.87873096375,4431.49445874787,2,50.1666666666667,1,6
850888,1.42857142857143,2.66666666666667,2.33333333333333,26.1226215190385,74,1,1149.87873096375,3335.52527498406,2,26.25,4,4.6
814382,1,3,2,20.1998066214341,80,0,1146,2624,2,60,1,3.8
821704,2.14285714285714,3,2,14.7716214921675,73,1,1145,1431.99204008017,2,28.4166666666667,1,4
859548,2.57142857142857,2.33333333333333,2.66666666666667,29.00641590227,47,0,1145,7269,2,22.5,3,4.2
873541,2.28571428571429,3,2,35.1259407482426,67,0,1134.62465209103,4776.31092747851,2,20.5,2,4.6
804049,2.14285714285714,3,2,30.3276341191339,22,0,1125,5298.61265254004,0,0,0,5.8
807983,2,1.66666666666667,3.33333333333333,12.9426242657946,80,1,1125,1899,3,58.75,1,5.6
891491,2.85714285714286,2.66666666666667,2.33333333333333,13.3487271132874,49,1,1121,1121,0,14,1,3.2
814852,2.28571428571429,3,2,26.446180435778,85,0,1118.12998330561,5815.37333701214,2,43.3333333333333,1,3.2
855169,1.14285714285714,3.33333333333333,1.66666666666667,42.1625892958652,61,1,1107.63341529343,1107.63341529343,0,17.1666666666667,100,3.2
875442,4,2.66666666666667,2.33333333333333,12.68752137387,59,1,1106,1106,2,42.5833333333333,1,5.2
866653,1.71428571428571,3,2,27.5342482274522,73,0,1104.19796922742,2043.15508027064,2,56,1,4.4
838381,1.85714285714286,3,2,33.0754760623881,67,0,1100,3285.64654402031,2,45,1,5
838385,1.42857142857143,2.66666666666667,2.33333333333333,16.743780392543,44,0,1100,1100,5,5.25,4,4
866494,1.28571428571429,2.66666666666667,2.33333333333333,18.2458545275783,64,1,1100,6900,1,45.1666666666667,5,5.4
869509,2.71428571428571,3,2,28.0993926767788,25,1,1100,1100,0,2.66666666666667,63,5.8
891262,1.42857142857143,3.66666666666667,1.33333333333333,29.0339866910023,27,0,1100,1100,0,NA,NA,4.4
859060,1,3.66666666666667,1.33333333333333,31.4295656148385,63,0,1089.99191050452,6725.48484656528,3,47.1666666666667,1,7
861010,2.85714285714286,2.66666666666667,2.33333333333333,31.4295656148385,64,0,1088.55859880707,3280.56030795534,2,47.5,1,4.8
888916,1.85714285714286,2.66666666666667,2.33333333333333,16.6992442339936,76,1,1085,1885,4,54,1,5.8
838732,2.57142857142857,2.33333333333333,2.66666666666667,31.3540487207793,45,0,1082,3770,2,27,5,5.6
833382,1,3.33333333333333,1.66666666666667,27.7108140152531,39,0,1080,1080,1,5,3,2.2
868371,2.28571428571429,3,2,34.1669536080293,74,1,1080,2120,2,58.5833333333333,4,3
807247,1.42857142857143,2.66666666666667,2.33333333333333,26.565051177078,82,0,1065.67547427499,1065.67547427499,2,56.0833333333333,1,6
885296,1.71428571428571,3,2,30.8346152492318,71,0,1063.80026329846,3715.78111982535,3,2.16666666666667,1,6
819461,1,3.66666666666667,1.33333333333333,24.8515858597122,80,0,1060,6102,3,65.25,4,5.8
853939,1.28571428571429,3,2,25.430629546101,78,0,1054.98966951559,3002.43054126244,2,55.0833333333333,1,4.4
803952,2,3,2,31.4295656148385,61,0,1052,4041,3,45.75,1,4.2
832812,2.28571428571429,2.66666666666667,2.33333333333333,15.2787653296612,65,0,1050,7800,0,NA,NA,1.8
833724,1.85714285714286,2.66666666666667,2.33333333333333,12.3807569288072,67,0,1050,1050,0,24.5,4,5.2
839230,1.42857142857143,2.66666666666667,2.33333333333333,28.2685127871291,67,0,1050,2750,3,6.5,1,5.2
879669,1,1.66666666666667,3.33333333333333,50.221404319825,65,0,1050,3450,0,51.5,1,5.6
871011,2,3.33333333333333,1.66666666666667,35.0097368892473,68,0,1048.70224222614,2321.2218402442,2,45,2,5.2
889556,1.71428571428571,2.33333333333333,2.66666666666667,22.3959669884213,56,0,1045.14270111494,2720.50414284676,2,33.5,1,5.6
891781,2.14285714285714,2,3,32.1346021579498,47,0,1045.14270111494,5867.24099626194,2,31.5,1,5
881481,1,2,3,3.3664606634298,74,1,1040.16861119697,1839.12951242732,2,56.0833333333333,1,5.2
855627,2,3,2,32.7068268793835,68,0,1040,4130,2,50.25,2,5.4
803906,1.14285714285714,3.33333333333333,1.66666666666667,32.4896331590605,48,0,1035.14317199933,1035.14317199933,0,35.25,NA,5.8
861895,1,2.66666666666667,2.33333333333333,24.954750574579,58,0,1029,4564.25006417101,0,23.5833333333333,6,3.2
898327,3,2.66666666666667,2.33333333333333,18.2458545275783,38,0,1027.18061406853,4384.55350769971,3,9.83333333333333,5,4
877920,2.14285714285714,2.66666666666667,2.33333333333333,17.0420128707837,52,1,1026,1026,1,8.41666666666667,NA,3.6
884970,1,3,2,31.4295656148385,73,0,1020,2990,2,34.5833333333333,3,6
810671,3.28571428571429,2.66666666666667,2.33333333333333,31.4295656148385,27,1,1018.65623419672,3457.65623419672,0,7.41666666666667,1,5.6
820913,2.28571428571429,3,2,31.4295656148385,26,0,1018.65623419672,3948.93241651664,0,9.58333333333333,1,5.8
838031,2,3,2,19.6538240580533,72,0,1016,2551,3,51.25,3,4.8
834518,1,4,1,27.7108140152531,66,0,1011.08099751591,2820.36295161921,3,47.4166666666667,1,5.8
853512,3.85714285714286,2.33333333333333,2.66666666666667,16.5961201921584,38,0,1008.81097405552,4118.81097405552,1,16,2,2.2
803717,2.71428571428571,2.66666666666667,2.33333333333333,31.4295656148385,62,0,1004.90462226817,1004.90462226817,1,20.3333333333333,2,3.4
801635,1.71428571428571,2.66666666666667,2.33333333333333,18.434948822922,49,0,1000,5000,3,32.5833333333333,1,5
807193,2.14285714285714,2.66666666666667,2.33333333333333,34.1669536080293,23,1,1000,NA,0,1.66666666666667,8,5.2
810562,1.57142857142857,3,2,29.00641590227,42,0,1000,1500,2,20.8333333333333,13,4.8
815249,1.71428571428571,3,2,25.4336837463955,25,1,1000,6726.84917338623,0,0,1,1.4
820773,2,3.66666666666667,1.33333333333333,32.375539993212,42,1,1000,4200,4,13.1666666666667,2,3.6
852322,2.85714285714286,2.66666666666667,2.33333333333333,27.1811110854772,47,0,1000,1000,0,12,100,5
872900,2.28571428571429,3,2,16.7296237536881,46,0,1000,3500,3,27,1,5
881414,2,2.66666666666667,2.33333333333333,14.0977856349283,70,0,1000,1000,0,NA,1,5
884472,1.28571428571429,3,2,33.6258346162155,80,0,1000,5000,2,60,NA,5.2
889712,2.28571428571429,2.66666666666667,2.33333333333333,31.4295656148385,59,1,1000,1000,3,17.5,NA,5.2
899407,1,3.66666666666667,1.33333333333333,31.4295656148385,60,0,1000,4600,4,40.25,1,5.6
819790,2.14285714285714,3.33333333333333,1.66666666666667,24.5815744825687,79,0,999.829474749718,3431.98495604337,3,56.9166666666667,1,4.4
812002,1,3,2,31.3540487207793,70,0,998.580306695007,3143.30295116302,2,46.8333333333333,1,6
807061,1.28571428571429,3,2,31.4295656148385,66,0,989,2711,2,46.1666666666667,1,3.4
812518,2.28571428571429,1.33333333333333,3.66666666666667,3.3664606634298,56,1,988.401632065611,1961.0607884306,2,NA,NA,5.6
835629,1.71428571428571,3.33333333333333,1.66666666666667,39.1340288582735,61,0,988.401632065611,988.401632065611,0,NA,NA,3
836566,3,2.66666666666667,2.33333333333333,17.8786965958413,34,1,988.401632065611,988.401632065611,0,NA,NA,4
895944,2.71428571428571,3,2,31.4295656148385,24,0,988.401632065611,988.401632065611,0,0,14,3.8
887432,2.14285714285714,2.66666666666667,2.33333333333333,34.1669536080293,41,0,976,3207,3,23.3333333333333,NA,4.8
810287,1,3,2,29.0339866910023,45,0,972.659156364994,NA,2,NA,NA,5.8
816110,1.14285714285714,4,1,31.4295656148385,56,0,972.659156364994,3158.30570038531,2,17,4,4.8
845681,2.71428571428571,2.33333333333333,2.66666666666667,18.434948822922,57,0,972.659156364994,3381.60468364901,3,40,1,5.8
848748,3,2.66666666666667,2.33333333333333,26.565051177078,55,0,972.659156364994,5327.13646519571,2,38.25,1,4
859259,2.14285714285714,3,2,18.2458545275783,43,0,972.659156364994,3550.0733672277,2,22.9166666666667,1,3.8
860968,1.85714285714286,3,2,30.3276341191339,41,0,972.659156364994,2727.41233803046,0,6.25,6,3.6
864581,2,2,3,3.3664606634298,56,0,972.659156364994,1961.0607884306,3,19.4166666666667,2,6
879244,2.85714285714286,3,2,34.0074924197323,26,0,972.659156364994,NA,0,6.41666666666667,2,4.6
886065,1.42857142857143,3.33333333333333,1.66666666666667,34.1669536080293,51,0,972.659156364994,5197.75771043602,0,27.25,5,6
847625,1.14285714285714,3,2,29.4110643248139,67,0,971.149609702256,2421.83666575991,3,49.5833333333333,5,4.4
854647,1.57142857142857,3,2,29.00641590227,70,0,970,4370,2,42.75,4,5.8
810104,1.28571428571429,3,2,42.1625892958652,27,0,963.353122324604,4463.3531223246,0,7.41666666666667,2,2.8
824942,2.57142857142857,3,2,26.6874778700581,49,0,963.353122324604,963.353122324604,4,14.3333333333333,NA,4.4
831326,2.42857142857143,2.33333333333333,2.66666666666667,18.434948822922,56,1,963.353122324604,963.353122324604,0,2.66666666666667,70,4.2
842401,2.42857142857143,3,2,34.1669536080293,24,0,963.353122324604,963.353122324604,0,NA,2,5.4
843399,2.85714285714286,2.66666666666667,2.33333333333333,18.434948822922,63,1,963.353122324604,963.353122324604,0,12.3333333333333,NA,4.8
844036,1.14285714285714,2.66666666666667,2.33333333333333,15.7641954313,58,0,963.353122324604,1250.34516240477,0,NA,NA,3.8
845016,2.14285714285714,3,2,34.1669536080293,28,1,963.353122324604,963.353122324604,0,1,4,5.2
854986,3.42857142857143,2.33333333333333,2.66666666666667,3.3664606634298,59,0,963.353122324604,1911.36272170539,2,NA,NA,3.4
861401,1.71428571428571,2.66666666666667,2.33333333333333,26.7871267297714,46,1,963.353122324604,1311.98614120188,4,18.0833333333333,1,6
882507,3.14285714285714,2.66666666666667,2.33333333333333,19.3741397686576,32,0,963.353122324604,3499.71632793943,1,10.4166666666667,4,5.8
883874,1,3,2,28.5480233163462,57,0,963.353122324604,963.353122324604,0,NA,NA,2
893539,2.57142857142857,1,4,18.434948822922,29,1,963.353122324604,5248.47577713689,0,8.25,25,5
812878,1.71428571428571,3,2,36.1646267865505,72,0,961.199160637129,2181.55505855283,4,54.5833333333333,1,4.2
815698,2,3,2,34.1669536080293,58,1,960,3427,1,30.8333333333333,5,4.8
876831,1.28571428571429,3,2,28.2720360794327,70,0,960,5401.21684255765,1,48.9166666666667,1,5
805059,3,2.33333333333333,2.66666666666667,29.4949558176877,66,0,958.713591482929,7365.26628087448,3,28.1666666666667,2,4.8
833561,2.57142857142857,3,2,34.1669536080293,28,0,958.249552358917,1809.75797226616,2,7.08333333333333,14,5
865298,1.28571428571429,3,2,36.4971608441425,82,0,958,4445.48834025757,4,62.4166666666667,1,4.2
832019,2.42857142857143,2.66666666666667,2.33333333333333,33.281305522836,75,0,952.503255675864,3325.87569911785,1,NA,NA,4.4
832666,2.28571428571429,3,2,30.5692241177874,80,0,950,3350,2,50.4166666666667,1,4.2
860586,1.71428571428571,3,2,19.7142945152981,55,0,950,950,2,30.3333333333333,4,4.2
809509,2.28571428571429,3,2,34.1669536080293,29,0,948.009599380784,4907.66079582594,0,0.0833333333333333,0,2.2
836630,1.71428571428571,3,2,31.4295656148385,45,0,948.009599380784,NA,0,15,1,6
837243,3.42857142857143,3,2,30.3276341191339,28,0,948.009599380784,3525.42381024349,0,10.3333333333333,2,2.2
843692,2.42857142857143,2.33333333333333,2.66666666666667,20.9245017449212,63,0,948.009599380784,3460.10584346466,3,43.4166666666667,1,5.2
851016,3,2.66666666666667,2.33333333333333,31.4295656148385,23,0,948.009599380784,10222.5480543467,0,0,0,4
860049,2,3.33333333333333,1.66666666666667,-6.82346239903351,33,0,948.009599380784,6685.80190866804,2,9.16666666666667,NA,2.6
863284,2,2.66666666666667,2.33333333333333,30.6371850111874,63,1,948.009599380784,7206.80353890225,3,NA,NA,4
869708,1.28571428571429,3,2,34.1669536080293,55,0,948.009599380784,2658.29305260989,3,40,1,6.4
878475,3,2.66666666666667,2.33333333333333,31.4295656148385,42,0,948.009599380784,2702.76278104625,2,25.5833333333333,2,5.6
888290,2.85714285714286,2.33333333333333,2.66666666666667,22.4329909221254,23,0,948.009599380784,3525.42381024349,0,6.25,3,5.2
853039,1.85714285714286,2,3,31.4295656148385,69,0,942.57741204072,2402.58912331602,1,53.1666666666667,1,4.6
870254,2.85714285714286,2.66666666666667,2.33333333333333,21.1460941794077,55,1,942,942,1,4.16666666666667,NA,4.8
880639,1.14285714285714,3,2,29.4949558176877,73,0,941,3706,2,60.0833333333333,1,6
856231,1,3,2,34.1669536080293,55,0,940,1140,1,15,5,5.8
844522,1.57142857142857,2.33333333333333,2.66666666666667,22.4515464560039,70,0,932.6647905827,1908.15794399945,2,11.9166666666667,1,5.6
868817,2.71428571428571,3,2,28.3690462932786,52,0,930,5027,2,24.4166666666667,NA,5.4
890206,1.71428571428571,3.33333333333333,1.66666666666667,31.4295656148385,32,0,915.490086591565,2642.29495410338,1,11.6666666666667,1,4.2
801657,2.42857142857143,3,2,16.9170058609798,70,1,913.863540246288,2857.65351665225,2,49,1,6
819912,2.28571428571429,2.66666666666667,2.33333333333333,19.6894004456035,72,1,913.863540246288,1690.99579630046,2,50.5,1,4.4
834106,2.28571428571429,3.66666666666667,1.33333333333333,30.7128277151588,66,1,913.863540246288,1488.25255851316,2,43.5833333333333,1,5
821881,2.85714285714286,2,3,8.33744443884672,76,1,911.644694058834,1758.18849067129,1,51.5833333333333,3,5.2
809265,1.57142857142857,2.66666666666667,2.33333333333333,34.1669536080293,77,0,907.941547886091,3237.01594280271,3,56,0,5
816613,2,3,2,18.434948822922,66,0,904.240296301734,3084.23523313831,2,46.25,1,4.4
866821,1.57142857142857,3,2,31.4295656148385,64,0,902,2202,2,38.3333333333333,1,3
821618,1.28571428571429,1.66666666666667,3.33333333333333,1.39040126404402,60,0,900.908888043558,2456.98786541949,2,44,1,4.6
821707,4,2.66666666666667,2.33333333333333,11.7682889320206,41,0,900.908888043558,3393.85611182804,3,25,1,4
862667,2.28571428571429,3.33333333333333,1.66666666666667,27.8972710309476,46,0,900.908888043558,5922.20600476714,2,26.8333333333333,1,3.2
806689,1,2.66666666666667,2.33333333333333,39.8055710922652,54,0,900,6585,1,25.3333333333333,1,5.6
834133,2.42857142857143,2.66666666666667,2.33333333333333,31.4295656148385,26,0,900,5300,0,10,7,5.6
845602,2.57142857142857,2.66666666666667,2.33333333333333,48.3664606634298,91,1,900,1800,3,60.0833333333333,1,6
847338,1,3,2,26.6874778700581,67,0,900,7400,5,47.8333333333333,1,6
856082,3.14285714285714,3,2,29.1974860460645,36,0,900,3300,3,16.4166666666667,3,4.4
869058,2.28571428571429,2,3,33.9399930052343,50,0,900,5700,1,18,NA,5.4
888952,1.28571428571429,3,2,27.8972710309476,51,0,900,2927.94516074992,2,24.1666666666667,1,5.2
862921,2.14285714285714,3.33333333333333,1.66666666666667,29.1974860460645,68,0,899.308248035832,2396.70143382119,3,49.5,1,3.4
823321,1.57142857142857,3.33333333333333,1.66666666666667,29.4949558176877,70,0,897.598752067635,897.598752067635,2,51,2,5.2
855090,1,3.33333333333333,1.66666666666667,39.0793792859532,77,0,897.598752067635,3488.72650452117,3,62.6666666666667,1,5.8
860412,1.57142857142857,3.33333333333333,1.66666666666667,26.7849955075022,71,1,897.598752067635,1780.9012645451,0,3.5,8,5.8
801556,1.28571428571429,4,1,31.4295656148385,85,1,896.349128491423,1778.4219204039,6,65.5,1,3.4
831152,1.71428571428571,3,2,10.5658732711315,71,0,893.147947983785,2424.02845189415,2,53.25,1,4.6
899523,2.14285714285714,4,1,26.1518676220504,34,1,892.289333367534,892.289333367534,2,NA,NA,2.2
876644,2.85714285714286,3,2,28.3690462932786,68,1,888.855950057888,1763.554908928,0,44.1666666666667,1,6
840792,1.42857142857143,3,2,36.1581854398083,72,0,885.762593744352,2316.49636204963,2,53,3,5
808071,2,2.66666666666667,2.33333333333333,29.4110643248139,72,0,883.302512477462,2977.38637550128,2,52.1666666666667,1,5.8
812896,2,2.66666666666667,2.33333333333333,28.9423915917175,66,0,883.302512477462,2457.19765410224,1,45.0833333333333,1,4.6
815106,1,3,2,31.2637316943774,67,0,883.302512477462,4687.3731601043,0,45.4166666666667,1,5.8
842599,1.42857142857143,2.66666666666667,2.33333333333333,27.5651253052007,89,0,883.302512477462,1780.9012645451,3,61.5,1,6
848147,1.57142857142857,3,2,28.072486935853,73,0,883.302512477462,NA,0,34.75,4,6.4
858523,1.85714285714286,1.66666666666667,3.33333333333333,14.4405416532981,66,0,883.302512477462,3512.00547620861,2,3.91666666666667,NA,5.2
874234,1,3.33333333333333,1.66666666666667,18.2458545275783,77,0,883.302512477462,2157.12995750892,3,1,2,2.6
879959,1.71428571428571,3,2,26.4583552491757,70,0,883.302512477462,3032.25324413169,2,30.25,3,5.2
892031,1.57142857142857,3,2,32.2979774958722,68,0,883.302512477462,1780.9012645451,2,51,1,4.2
816641,3,2.66666666666667,2.33333333333333,31.4295656148385,76,1,882.617626851789,1751.17762157016,2,NA,6,4.6
853460,2.85714285714286,3,2,33.6207860851233,60,0,880,4682,2,42.0833333333333,1,5.8
811291,2.57142857142857,2,3,19.2126718171856,46,0,878.077657978956,3568.3615196086,2,21.9166666666667,1,3.2
877816,2.28571428571429,3,2,31.4295656148385,67,0,877.156046916521,3133.63321634601,2,45.9166666666667,NA,5.2
895266,1.14285714285714,2.66666666666667,2.33333333333333,22.9021078843113,73,0,874.698958870114,4860.6599505532,3,56.0833333333333,1,7
829885,1.42857142857143,3,2,31.4295656148385,72,1,873.893164770151,1733.86765370548,2,47.5,1,5
871017,1,2.33333333333333,2.66666666666667,-7.35237935989236,72,0,866.423624752462,2465.7308606993,2,NA,NA,2
834692,2.42857142857143,2.66666666666667,2.33333333333333,18.7185889786798,78,0,859.97448893533,2447.34610339907,2,61,1,2.2
850772,1.42857142857143,3.33333333333333,1.66666666666667,33.6207860851233,71,0,859.97448893533,3190.4758539433,4,54.1666666666667,NA,4.8
869424,1.28571428571429,2,3,-0.477453777309581,70,1,859.97448893533,1715.20871489789,0,NA,NA,5
891357,1.57142857142857,4,1,-0.734521034254815,69,0,859.97448893533,1733.86765370548,2,53,1,6
896969,3,3,2,32.375539993212,47,0,853,853,3,30.4166666666667,2,4.6
834356,1.57142857142857,3,2,31.4295656148385,71,0,852.623917814907,2517.11978406767,2,48.25,1,5.4
837796,1,2.66666666666667,2.33333333333333,34.1669536080293,73,0,852.623917814907,1719.04754256737,2,56.4166666666667,1,6.4
849786,1.57142857142857,3,2,25.6515284650526,75,0,852.623917814907,2949.51626733447,3,56.8333333333333,1,6
889443,1,3.66666666666667,1.33333333333333,31.4295656148385,68,0,852.623917814907,1867.36623368897,2,47.6666666666667,1,5.6
816970,2,2.66666666666667,2.33333333333333,34.1669536080293,66,1,851.508419907246,1138.50045998741,2,45.8333333333333,3,3.2
836046,1.42857142857143,2.33333333333333,2.66666666666667,-13.4258092497147,77,1,851.508419907246,1689.45469040642,0,28.4166666666667,1,4.6
878692,1.85714285714286,3,2,35.5926641277931,76,0,851.508419907246,851.508419907246,2,20,5,4.6
893243,1,3.33333333333333,1.66666666666667,18.434948822922,65,0,851.508419907246,851.508419907246,3,0,0,5
842242,2.57142857142857,3,2,21.2505055071332,76,0,850.175463638061,2018.66496679512,2,52,1,2.4
818487,2.14285714285714,2,3,30.8346152492318,75,0,850,5850,2,52.5,2,4.8
821224,2.28571428571429,2.66666666666667,2.33333333333333,20.4245728034453,40,0,850,2560.28345322911,3,20.3333333333333,1,5.8
809622,2,2.66666666666667,2.33333333333333,29.9739486602361,72,0,849,2828,2,46.5833333333333,1,3.6
878784,2.85714285714286,2.66666666666667,2.33333333333333,34.8621961469149,73,0,846.543796612458,1758.18849067129,1,51.4166666666667,2,6
860260,2,2.66666666666667,2.33333333333333,29.611532167241,76,0,846.504414341295,2464.93349648435,2,57.4166666666667,1,5.2
813861,2.14285714285714,2.66666666666667,2.33333333333333,20.2590386552981,51,0,844.056079776351,3721.37244587221,2,14.75,4,5.8
861218,1.42857142857143,3,2,31.4295656148385,50,0,843.388441162402,3069.34387894511,0,21.75,5,5.2
869912,1.28571428571429,3.33333333333333,1.66666666666667,29.3022074821387,71,0,840.390361227616,3308.49724954522,2,55,2,5
879598,2.14285714285714,3.33333333333333,1.66666666666667,17.9561651526267,73,0,839.168206382197,3469.32509690765,1,42.3333333333333,2,3
808972,1.85714285714286,2,3,28.5684077252495,67,0,837.94627049917,3672.87780363225,2,53.5,1,6
814389,1.42857142857143,3.66666666666667,1.33333333333333,24.4737188190447,79,0,837.94627049917,4712.94627049917,2,63.1666666666667,1,5.8
815158,1.14285714285714,3,2,26.565051177078,76,0,837.94627049917,1689.45469040642,1,56.6666666666667,1,6
818438,1.28571428571429,3,2,7.67241159977955,66,0,837.94627049917,2548.22972372828,3,38.4166666666667,3,4.8
829251,1,3.66666666666667,1.33333333333333,19.9403005683304,84,0,837.94627049917,10406.9213527672,3,62,1,7
840463,1.57142857142857,2.33333333333333,2.66666666666667,37.1920823259412,72,0,837.94627049917,3886.94627049917,3,47.3333333333333,NA,4.8
846505,1.85714285714286,4,1,25.088139125927,65,0,837.94627049917,4499.55927052633,2,50.5,1,4.4
883816,1.14285714285714,2.33333333333333,2.66666666666667,25.2011236454751,71,0,837.94627049917,3023.59281451948,2,52.3333333333333,3,4
886328,1.57142857142857,3,2,27.8104154438463,74,0,837.94627049917,3023.59281451948,3,65.8333333333333,1,4.8
889727,2.42857142857143,2.66666666666667,2.33333333333333,32.5119142310515,72,0,837.94627049917,2335.33945628452,2,57.25,1,6
898242,2.28571428571429,3,2,42.1625892958652,66,1,837.94627049917,2592.69945216464,3,47.4166666666667,1,3.8
898812,1.28571428571429,3,2,42.1625892958652,74,0,837.94627049917,3350.04251458304,2,35.6666666666667,3,6
806237,1.28571428571429,4,1,36.5288553669852,78,0,837,5147,2,44.4166666666667,4,5
811386,1.71428571428571,4,1,23.9916917139012,77,0,831.839881101229,2446.21314209434,2,5.08333333333333,1,5.6
844393,1.28571428571429,3.66666666666667,1.33333333333333,31.4295656148385,64,0,830.946517123582,4284.99372012664,0,11.9166666666667,6,3.4
828613,2.14285714285714,3,2,29.9192086885575,75,0,825.738989767574,2738.50066324347,2,60.0833333333333,1,4.6
887008,2,3.33333333333333,1.66666666666667,-5.67924971638495,70,0,825.738989767574,2710.29206690464,2,47.0833333333333,1,3.4
822406,1.42857142857143,3,2,19.9255806581843,77,0,812,3612,1,3.66666666666667,1,5.6
811392,1,3.66666666666667,1.33333333333333,34.1669536080293,74,0,809,2621,4,56.5,2,4.6
818670,1.28571428571429,3.33333333333333,1.66666666666667,19.2306723756613,56,0,808.888769321615,NA,1,26.5,2,5.8
819168,2,4,1,38.480198248343,59,0,808.888769321615,7049.55431794974,2,39.6666666666667,2,5.2
863552,1.28571428571429,3.33333333333333,1.66666666666667,42.1625892958652,49,0,808.888769321615,2484.25021105343,0,21.25,5,3.4
830538,1.42857142857143,3.33333333333333,1.66666666666667,32.4483014492725,75,0,807.469507181028,3350.61456336882,4,10,1,5
840145,1.28571428571429,3,2,34.1669536080293,67,0,807.469507181028,6609.78715691204,3,33,1,5.8
867675,1.28571428571429,3,2,23.1530815641135,68,0,807.469507181028,1628.00789775518,1,11,1,5.4
874002,1,3,2,16.67384717027,68,0,807,6970,2,51.4166666666667,1,5.8
889923,2.85714285714286,1.66666666666667,3.33333333333333,24.7343025290525,78,0,802.60610372898,3711.25085918037,1,NA,4,6
831335,3,2.66666666666667,2.33333333333333,17.7838884426925,21,1,800,800,0,NA,NA,4
838494,2.42857142857143,3,2,42.7394980888587,71,0,800,1885,4,NA,1,5.2
838836,1.28571428571429,3,2,16.0177847183924,70,0,800,2985.64654402031,2,45,1,4.8
845495,2,2.33333333333333,2.66666666666667,31.4295656148385,51,0,800,5300,3,27.6666666666667,NA,5.6
857049,3,3,2,31.4295656148385,39,0,800,6800,4,17.5833333333333,4,4.2
861701,3.28571428571429,3,2,18.434948822922,21,0,800,4607.38192046696,0,4,NA,4.2
872595,2.14285714285714,2.66666666666667,2.33333333333333,31.4295656148385,71,0,800,2500,2,52.3333333333333,1,4.6
892105,1.85714285714286,2.66666666666667,2.33333333333333,29.7166984268526,50,0,800,7160,2,25.8333333333333,3,5.6
898706,1.42857142857143,3.66666666666667,1.33333333333333,25.4633450618716,72,0,800,5700,5,51.75,1,5.8
868746,2,2.66666666666667,2.33333333333333,15.1095751223405,73,0,798.960901230348,1839.12951242732,2,56.0833333333333,1,6
856216,1.85714285714286,3,2,10.2348027634232,39,0,796,3796,2,19.5,2,2.8
806732,2.28571428571429,2.66666666666667,2.33333333333333,28.9760809236892,84,0,789,2989,3,62,1,2.8
811587,3.28571428571429,2.66666666666667,2.33333333333333,11.9207385399223,77,0,787,3337,2,60,1,4.8
825048,2.57142857142857,3.33333333333333,1.66666666666667,22.7672628061105,79,0,787,3067,2,61.75,1,3.6
834170,1,3,2,28.998977146154,72,0,787,2350,3,NA,NA,6
871359,2.57142857142857,3,2,12.1714582085875,78,1,782,1564,2,38.5833333333333,2,7
879772,1.85714285714286,3,2,33.3843298755338,75,0,780,3780,2,60.0833333333333,1,4
807479,2,3,2,36.8197701175025,81,0,777.132256054172,4058.7479838383,2,NA,NA,4.8
826306,2.42857142857143,3,2,23.4773998920929,70,0,777.132256054172,1690.99579630046,2,50.4166666666667,1,4.2
876632,2.71428571428571,2.66666666666667,2.33333333333333,33.5569765237458,71,0,777.132256054172,3277.13225605417,3,45.25,NA,3.2
847125,1.14285714285714,2.66666666666667,2.33333333333333,30.4397243806431,81,0,774,1899,3,63.1666666666667,1,6.2
802636,1.42857142857143,2.66666666666667,2.33333333333333,41.6154820476902,54,0,771.846694873815,10497.6965084691,3,40.25,1,4
885198,2.42857142857143,3,2,33.0754760623881,68,0,769,5019,2,NA,NA,3.8
859503,1.28571428571429,2,3,25.8289574655203,70,0,768.663188048016,1584.25946104897,2,NA,NA,4.8
831683,1.42857142857143,2.66666666666667,2.33333333333333,22.8220628813909,73,0,765,2019,3,51.75,1,5.6
815646,1.85714285714286,3,2,23.4773998920929,68,0,750,1500,2,49.5,3,3.6
819833,1.28571428571429,3,2,29.1974860460645,75,0,750,3357,2,53.0833333333333,2,6
822778,2.71428571428571,4,1,23.4773998920929,71,0,750,5750,2,11.9166666666667,2,4.8
844390,1.28571428571429,2.66666666666667,2.33333333333333,36.9683439055163,82,0,750,2110,2,3.16666666666667,0,5.4
857434,2.14285714285714,3,2,31.4295656148385,24,0,750,750,0,5,3,6
878106,2.28571428571429,2.66666666666667,2.33333333333333,18.7185889786798,60,0,750,4550,3,42,1,5
831646,1.42857142857143,3.33333333333333,1.66666666666667,31.9499714463332,72,0,748,4684,3,53.3333333333333,1,5.6
818530,1.42857142857143,2.66666666666667,2.33333333333333,28.5138721318481,69,0,740.915494636293,2305.38681596895,4,40,3,5
885760,2.28571428571429,2,3,34.1669536080293,63,0,740.474493381911,3428.89115447946,2,32.25,2,5
835437,2,3.33333333333333,1.66666666666667,12.4433342078933,78,0,730,1460,1,51.9166666666667,1,4
818786,1.28571428571429,3.33333333333333,1.66666666666667,28.35896344613,74,0,700,2800,2,8.08333333333333,2,3.6
831808,2,2,3,28.0993926767788,49,0,700,10950,2,29,1,6
858746,1.28571428571429,3,2,32.2979774958722,84,0,700,5700,4,62.25,1,5.4
880496,1.71428571428571,3,2,31.4295656148385,45,0,700,4200,1,10.3333333333333,1,2.8
893865,2.71428571428571,3.33333333333333,1.66666666666667,31.4295656148385,19,0,700,4048.00959938078,0,2.41666666666667,1,5.4
896087,3.14285714285714,2.66666666666667,2.33333333333333,31.4295656148385,50,0,700,3827.98495116469,2,25,2,4
841333,2.14285714285714,2.66666666666667,2.33333333333333,34.1669536080293,57,0,698.644030814668,4790.61583796142,3,36.5,5,1.4
817150,1.28571428571429,3,2,31.4295656148385,43,0,672,3350,2,25.75,2,4.8
878329,1.42857142857143,3,2,34.1669536080293,64,0,661,3313,0,46,1,5.4
817727,1,3.66666666666667,1.33333333333333,41.6793942923767,22,1,660.597712311712,660.597712311712,0,2.25,1,4.6
843960,1.42857142857143,2,3,15.6078242447607,52,0,650,2500,2,13.25,6,4.8
882785,2,2.66666666666667,2.33333333333333,19.9197729668036,53,0,650,9935.12265481229,1,NA,1,5
888128,2.42857142857143,2.66666666666667,2.33333333333333,42.1625892958652,25,1,650,NA,0,1.5,1,4.8
851641,1.28571428571429,3.33333333333333,1.66666666666667,10.5658732711315,62,0,621.875812212184,5721.87581221218,0,26.9166666666667,NA,6
822900,2,3,2,31.4295656148385,21,0,615.925940214917,615.925940214917,0,0.166666666666667,6,5.6
897976,2.14285714285714,3,2,22.5484535439961,63,1,615.925940214917,2904.30581825897,0,NA,NA,6
805273,1.85714285714286,2.66666666666667,2.33333333333333,31.4295656148385,53,0,606.115961323088,1569.46908364769,3,25.8333333333333,1,5
822540,3.28571428571429,3,2,42.1148553467796,47,0,606.115961323088,4403.03846113605,5,25,1,4
805383,3.14285714285714,3.33333333333333,1.66666666666667,33.0754760623881,26,1,600,600,0,3,100,6
807623,3.14285714285714,2.33333333333333,2.66666666666667,32.5095942820908,49,0,600,6720,3,32,1,4.6
837857,2.42857142857143,2.33333333333333,2.66666666666667,33.8064039742528,27,1,600,600,0,0,0,5.2
881542,1.71428571428571,2.66666666666667,2.33333333333333,28.5138721318481,43,0,600,600,2,18,3,5.2
886276,1.28571428571429,3,2,28.2287761813696,66,0,600,13100,3,45.75,1,6
844186,1.57142857142857,3.33333333333333,1.66666666666667,27.8972710309476,65,0,598.199131870208,3141.344188058,3,40.3333333333333,1,6.6
810772,1.85714285714286,3.66666666666667,1.33333333333333,27.262328470145,47,0,580,3680,2,25.5,1,6.6
854476,3.42857142857143,3,2,26.1881106974809,55,0,570,4820,2,25,2,5.8
818087,1.42857142857143,3.66666666666667,1.33333333333333,35.1341930569156,50,0,558,6054.63505924326,4,32.1666666666667,1,6
842584,1.14285714285714,2.33333333333333,2.66666666666667,34.1669536080293,64,1,554.304884125407,5981.30488412541,2,40,NA,5.8
895074,2.14285714285714,3,2,28.5138721318481,59,0,554.304884125407,6273.37500579494,2,40.5,5,5.8
890081,2.28571428571429,3,2,7.26544689983912,44,0,541.034203675909,541.034203675909,0,11.75,6,5.4
891567,1.28571428571429,3.33333333333333,1.66666666666667,29.3577535427913,60,0,540,11699.258766848,3,30.5,1,5
882180,4.28571428571429,2,3,3.3664606634298,19,1,530,2422,0,NA,2,3.6
836221,1.42857142857143,3,2,28.5480233163462,65,0,500.493469175161,3335.42500230824,2,49,1,6
813308,3,3,2,35.9524280000993,22,0,500,7791.84664862437,0,3.41666666666667,0,4
813983,1.71428571428571,3,2,31.1793152573825,18,1,500,7791.84664862437,0,NA,NA,6
841781,2.85714285714286,4,1,35.3192011406149,20,1,500,7040,0,1,2,4.8
864157,1.57142857142857,3.33333333333333,1.66666666666667,31.4295656148385,41,0,500,5100,2,19.75,2,5.4
873587,2,3,2,42.1625892958652,27,1,500,NA,0,0.666666666666667,2,4.6
890722,2.71428571428571,2.66666666666667,2.33333333333333,25.1874622772282,41,0,487.707204029833,4287.70720402983,2,12.5,NA,5.4
886880,1.57142857142857,3,2,34.1669536080293,61,0,480,9994,2,32.25,2,5.8
803747,2.57142857142857,3,2,25.4173760573632,56,1,452,1722,0,29.25,NA,1.6
843853,2.71428571428571,3,2,27.6745138535817,21,0,439,439,0,3.16666666666667,4,3.8
832553,2.14285714285714,3,2,31.3540487207793,58,0,430,4544,0,22.4166666666667,7,2.4
853057,2.14285714285714,2.66666666666667,2.33333333333333,32.8423496666755,50,0,422.146317696982,6443.20995503662,2,24.8333333333333,2,5.8
895336,2,2.33333333333333,2.66666666666667,28.9154243416267,20,1,400,6890,0,0,0,5.8
814996,2.14285714285714,3,2,33.9399930052343,53,0,385,5185,6,19.6666666666667,3,5.6
881471,1,3.66666666666667,1.33333333333333,16.8583987677383,58,0,381,4473,2,36.25,5,6
824569,2.57142857142857,3,2,34.1669536080293,49,0,380,3580,1,25,3,2.6
881875,2.85714285714286,2.33333333333333,2.66666666666667,29.4949558176877,63,1,354.275639719523,1654.27563971952,3,45,2,5.6
826486,1.28571428571429,2.33333333333333,2.66666666666667,26.7871267297714,54,0,350,7750,2,30,NA,5
883193,1.28571428571429,3,2,34.1669536080293,46,0,348.633018877275,1311.98614120188,4,18,1,6
810075,3.57142857142857,2.33333333333333,2.66666666666667,13.2277960025576,21,1,300,14155.942698103,0,2,5,5.4
824093,1.28571428571429,3,2,13.5304931023229,21,0,300,300,0,0.166666666666667,5,5
849719,1.71428571428571,3,2,31.4295656148385,65,0,300,1350,2,33.25,1,4.4
868630,2.85714285714286,2.33333333333333,2.66666666666667,30.8188876131972,18,0,300,6890,0,0,0,5.2
809506,2,3,2,34.1669536080293,56,0,294.454228913054,2806.55047299693,2,36.75,3,5
824597,1.28571428571429,2.66666666666667,2.33333333333333,31.4295656148385,52,0,294.454228913054,2082.65954450537,2,32.8333333333333,2,6
852160,3.14285714285714,2.33333333333333,2.66666666666667,18.434948822922,22,0,294.454228913054,NA,0,1.75,7,2.8
868820,1,3.66666666666667,1.33333333333333,37.7468053872747,30,0,294.454228913054,2049.20741057852,0,6.58333333333333,1,4
878222,2.57142857142857,3,2,32.2454143950227,29,0,294.454228913054,5405.45714972204,0,NA,NA,5
822076,2.28571428571429,3,2,33.6207860851233,59,0,291.637002488289,NA,2,31.6666666666667,NA,5.8
826118,2,3.66666666666667,1.33333333333333,42.7394980888587,26,0,291.637002488289,2491.63700248829,0,3.83333333333333,1,4
835812,2.85714285714286,3.33333333333333,1.66666666666667,52.3057595333108,20,1,291.637002488289,291.637002488289,0,1.41666666666667,NA,5.8
895053,1.14285714285714,3.66666666666667,1.33333333333333,31.4295656148385,64,0,291.637002488289,291.637002488289,1,8.41666666666667,NA,5.4
812826,1.14285714285714,3.33333333333333,1.66666666666667,22.0804451675334,44,0,286.992040080165,NA,2,26,1,5
813445,3.42857142857143,2,3,3.3664606634298,16,1,286.992040080165,14155.942698103,0,2.33333333333333,0,6
825888,2.14285714285714,3,2,31.4295656148385,18,1,286.992040080165,7722.03101758783,0,0.25,1,5.8
832788,2.14285714285714,2,3,31.3994574833413,17,0,286.992040080165,2486.99204008017,0,0,0,5.8
839025,2.42857142857143,3,2,31.4295656148385,21,1,286.992040080165,578.629042568454,0,2.66666666666667,4,3.4
840036,1.57142857142857,2,3,29.1212012556563,16,1,286.992040080165,NA,0,0,0,5.2
842331,4.85714285714286,2,3,18.434948822922,20,1,286.992040080165,6685.80190866804,0,NA,NA,4.8
843151,2,3,2,24.5815744825687,20,0,286.992040080165,5298.61265254004,0,2.75,1,5.6
844351,1.85714285714286,3.66666666666667,1.33333333333333,34.1669536080293,19,0,286.992040080165,5386.99204008017,0,1,1,5.2
860754,4,3,2,26.7871267297714,19,0,286.992040080165,5922.20600476714,0,2,1,4.8
861087,2.71428571428571,3,2,22.6014537084707,20,0,286.992040080165,NA,0,3.91666666666667,5,5.4
880163,3.57142857142857,2.33333333333333,2.66666666666667,17.38986809703,20,1,286.992040080165,NA,0,NA,9,4
888790,2.57142857142857,3.66666666666667,1.33333333333333,29.8091142067065,41,0,286.992040080165,2864.40625094287,3,NA,NA,3.2
895407,2.14285714285714,3.33333333333333,1.66666666666667,31.4295656148385,27,0,286.992040080165,3479.70192677949,0,3.5,12,4.8
806265,3.28571428571429,3,2,25.430629546101,20,0,280.896590063433,8241.00427571557,0,0.166666666666667,1,1.8
838000,1.42857142857143,2.66666666666667,2.33333333333333,38.4347418154248,18,0,263.898696772851,4550.89073685302,0,0,0,1.8
897467,1.85714285714286,3,2,29.2040710109261,18,1,262.688525958979,10030.4215467038,0,0.416666666666667,1,4
876876,1.57142857142857,3.66666666666667,1.33333333333333,34.1669536080293,18,0,260,6260,0,NA,NA,3
804641,2,2.66666666666667,2.33333333333333,12.2883231632753,65,0,258.921270035234,2444.56781405555,3,42.5,1,3.4
806765,1.42857142857143,3,2,23.4773998920929,72,0,258.921270035234,3167.56602548662,2,10.4166666666667,5,6.2
834838,1.28571428571429,3,2,26.7849955075022,65,0,258.921270035234,3158.92127003523,0,NA,NA,4
843945,2,3,2,1.67483799052921,66,0,258.921270035234,1756.31445582059,3,48.5833333333333,1,5.8
855468,1,2,3,23.0565938291151,79,0,258.921270035234,1110.42968994248,1,60,0,4
882360,1,3,2,34.1669536080293,63,0,258,2896,0,28,4,5.4
853970,1.14285714285714,3,2,31.4295656148385,55,0,247,5038,3,36.1666666666667,1,5.4
802252,2.14285714285714,3,2,18.2170951978248,58,0,235.004388434194,4586.08590673805,0,28.3333333333333,5,4.6
866326,1.14285714285714,3.66666666666667,1.33333333333333,32.1400065024331,29,1,232.529927683542,9731.52992768354,3,NA,2,4
843759,2.57142857142857,3,2,19.0841649975543,17,0,230,5725,0,0,3,5.8
818643,2.28571428571429,3,2,26.7871267297714,61,0,226.637051781988,3519.63705178199,2,47.25,1,3.2
838983,2.28571428571429,2.33333333333333,2.66666666666667,11.0702025779394,24,0,226.637051781988,7384.4173101647,0,8,2,5
851867,2.57142857142857,3,2,13.4058752411366,22,1,226.637051781988,10030.4215467038,0,NA,NA,4.6
888583,1,2.66666666666667,2.33333333333333,34.1669536080293,49,0,226.637051781988,NA,6,30.1666666666667,1,5.6
891445,2.14285714285714,3.66666666666667,1.33333333333333,20.8067910127112,19,1,226.637051781988,10030.4215467038,0,NA,1,5.6
869949,3.14285714285714,3,2,38.5411836212813,65,1,208.645080334182,2524.39541888435,1,33,12,4.6
805816,2.14285714285714,3,2,28.2720360794327,64,0,206,2684.1878496315,2,45.0833333333333,3,3.2
817156,1.28571428571429,3.33333333333333,1.66666666666667,32.7068268793835,25,1,200,1400,0,2,12,6
818508,1.14285714285714,3.33333333333333,1.66666666666667,31.4295656148385,19,1,200,1140,0,NA,1,5.8
836166,2.28571428571429,2.33333333333333,2.66666666666667,18.434948822922,18,1,200,4574,0,1.66666666666667,2,3.4
836968,1.42857142857143,2.66666666666667,2.33333333333333,17.1027289690524,63,0,200,4000,2,47.1666666666667,1,5
856936,1.57142857142857,3.33333333333333,1.66666666666667,42.7394980888587,20,0,200,NA,0,1.66666666666667,5,5.8
878149,2.28571428571429,3.33333333333333,1.66666666666667,28.1013513059618,53,0,200,9841.22694966811,3,34.1666666666667,3,5.6
894390,1.14285714285714,3,2,42.7394980888587,66,0,192.608158696651,3324.16905761466,2,44.9166666666667,2,5
802236,1.14285714285714,3.33333333333333,1.66666666666667,43.0519149934851,73,0,170,4870,3,56.1666666666667,3,2.8
867227,2.28571428571429,3.33333333333333,1.66666666666667,35.1341930569156,21,0,170,170,0,0.75,0,5.4
820886,1.71428571428571,3,2,34.1669536080293,19,0,167.711574797705,10427.6504779139,0,0,0,6
844750,2.28571428571429,2.66666666666667,2.33333333333333,27.699472808055,73,0,159.005602078831,3097.21946469089,2,50.5,4,2.8
813687,2.28571428571429,3,2,34.1669536080293,18,0,150,2250,0,1.58333333333333,1,4
821356,2.42857142857143,3,2,34.1669536080293,18,0,150,5045,0,0.0833333333333333,0,5.8
835766,3.14285714285714,2.66666666666667,2.33333333333333,30.0183674276091,16,1,144.582091266636,10144.5820912666,0,0,0,2.4
884826,2.14285714285714,2.33333333333333,2.66666666666667,33.6207860851233,56,0,144.582091266636,2574.3519478828,2,27.4166666666667,3,5.6
881838,2,3.66666666666667,1.33333333333333,29.2307434021582,43,0,130.834384588809,5834.90464676226,2,22.1666666666667,1,3.6
824179,4.14285714285714,3.66666666666667,1.33333333333333,28.2720360794327,16,0,110,8210,0,1.16666666666667,2,1
830477,2.57142857142857,3,2,14.1039689440831,75,0,101.321808784446,3839.74300196568,2,58,2,6
810015,2.14285714285714,3,2,12.5288077091515,22,0,100,2500,0,0.5,NA,6
858615,1.28571428571429,3,2,34.1669536080293,32,1,100,1600,0,0,0,5.4
892025,3.42857142857143,3,2,34.1669536080293,17,1,93.562961307065,4176.83914362698,0,3.66666666666667,1,3.6
897961,1.71428571428571,3,2,34.1669536080293,48,0,93.562961307065,4700.03036551202,3,35.0833333333333,1,6
831329,2.42857142857143,3.33333333333333,1.66666666666667,39.5596679689945,24,1,89,89,0,2.33333333333333,4,4.6
877117,1.85714285714286,3.33333333333333,1.66666666666667,31.4295656148385,54,0,50,8241.00427571557,0,36.75,1,4.4
815979,1.85714285714286,4,1,34.1669536080293,18,0,27.9451607499174,2927.94516074992,0,0,0,3.6
800573,1.57142857142857,3,2,31.4295656148385,24,0,0,0,0,2.41666666666667,10,6.2
801858,2.14285714285714,3,2,31.4295656148385,59,0,0,NA,2,42,NA,5
801914,3.57142857142857,2.66666666666667,2.33333333333333,12.5634693985184,30,0,0,3300,1,5,NA,5.4
802391,2,2.66666666666667,2.33333333333333,20.864222146422,36,0,0,3000,3,10.1666666666667,1,5.2
803125,1.85714285714286,2.33333333333333,2.66666666666667,18.434948822922,22,0,0,4445.09624408387,0,0,0,4.4
803500,1,3,2,33.6207860851233,47,0,0,NA,1,14.5,5,5.2
803771,2.85714285714286,2,3,18.434948822922,19,1,0,7600,0,0.166666666666667,0,6
804104,1.57142857142857,3.33333333333333,1.66666666666667,38.3007168446404,62,0,0,6076.07796673602,1,46.1666666666667,1,6.6
804238,2.28571428571429,2,3,6.70983680775693,43,0,0,5150,2,28.5,50,4.4
805709,2,3,2,19.9403005683304,59,0,0,NA,2,29.0833333333333,4,6
806210,1,3.66666666666667,1.33333333333333,31.1793152573825,21,0,0,2100,0,3,14,6.4
806939,1.71428571428571,3.33333333333333,1.66666666666667,29.9816393688493,48,0,0,1590,0,10,NA,2.2
807257,2,3,2,34.1669536080293,35,0,0,2600,2,18.75,1,5
807598,2.14285714285714,2.66666666666667,2.33333333333333,31.4295656148385,46,0,0,4822.098295147,3,25.5,1,5.8
807748,4.28571428571429,2.33333333333333,2.66666666666667,18.434948822922,20,1,0,3580,0,1.75,2,3.6
808215,1.71428571428571,3,2,31.4295656148385,50,0,0,4000,2,26.4166666666667,3,6.2
808221,2.14285714285714,3,2,29.3841571259513,61,0,0,7000,2,44.75,2,5.4
808987,2.57142857142857,2.66666666666667,2.33333333333333,45,17,1,0,6800,0,0,0,6
809609,4,2.33333333333333,2.66666666666667,31.4295656148385,17,0,0,7160,0,2.5,2,6
810202,1.28571428571429,3.66666666666667,1.33333333333333,31.4295656148385,54,1,0,5916.3086427917,2,22.5833333333333,6,1.2
811029,2,3,2,32.7068268793835,57,0,0,11675,3,31.9166666666667,1,5.2
813870,2.71428571428571,3.66666666666667,1.33333333333333,31.4295656148385,53,0,0,6560.5999655714,2,NA,1,4
814221,3.71428571428571,2,3,28.0993926767788,18,1,0,3000,0,0.583333333333333,4,5.4
814532,2.28571428571429,4,1,5.74228327780413,19,1,0,2600,0,NA,NA,6
814602,1.71428571428571,2.66666666666667,2.33333333333333,34.1669536080293,45,0,0,3750,3,26,1,6
815020,3,2.66666666666667,2.33333333333333,3.3664606634298,16,1,0,6922.40407988943,0,NA,0,6.4
815066,1.28571428571429,3.66666666666667,1.33333333333333,9.46232220802561,53,0,0,5300,2,32.9166666666667,1,1
815086,2.85714285714286,2.66666666666667,2.33333333333333,33.0754760623881,28,1,0,2900,0,3.25,10,6
815203,2.28571428571429,3.66666666666667,1.33333333333333,36.5944392897088,17,0,0,5000,0,15.75,0,3.4
815695,1.28571428571429,3.33333333333333,1.66666666666667,34.1669536080293,63,0,0,8346.4531589543,3,47.5,1,7
815771,1.85714285714286,2.66666666666667,2.33333333333333,35.1341930569156,77,0,0,2100,2,51.3333333333333,1,5.2
816033,4,2.66666666666667,2.33333333333333,34.1669536080293,16,0,0,4488.52700548438,0,6.25,2,5.6
817016,2.14285714285714,2.33333333333333,2.66666666666667,31.4295656148385,52,0,0,10000,2,30.5,1,5.4
817025,1.14285714285714,3,2,17.7549121574793,66,0,0,2456.59358043262,2,NA,NA,6
817733,1,2.33333333333333,2.66666666666667,18.434948822922,63,0,0,1627,0,NA,NA,4.4
818228,1.57142857142857,2.66666666666667,2.33333333333333,22.870063268238,66,0,0,2512.09624408387,1,44.5,1,5.6
818414,2.14285714285714,3,2,29.4949558176877,45,1,0,3023.59281451948,0,1.25,5,1.6
818725,5,3,2,32.9386905429555,19,1,0,3000,0,0,0,4.4
819244,2.14285714285714,3,2,31.4295656148385,25,0,0,5860.0699724805,0,0.583333333333333,1,3.6
819439,2.57142857142857,4,1,38.4347418154248,70,1,0,0,2,4.5,1,6.6
819479,2.85714285714286,2,3,35.4333140102856,56,0,0,4153.75646421917,2,35,3,5.4
819509,2.57142857142857,3.66666666666667,1.33333333333333,31.4295656148385,23,1,0,3890,0,0.916666666666667,2,5.2
820407,2.71428571428571,3,2,32.1400065024331,21,1,0,3000,0,0,0,4.8
820645,2.71428571428571,3,2,26.2530990172167,16,1,0,NA,0,0,0,5.4
821102,2.14285714285714,3.33333333333333,1.66666666666667,34.1669536080293,54,0,0,5100,1,26,2,5.8
821246,2.28571428571429,2.66666666666667,2.33333333333333,31.4295656148385,23,0,0,2806.55047299693,0,1,15,6
821411,2.57142857142857,3,2,22.5992103780941,20,0,0,6800,0,NA,NA,6
821948,2,2,3,23.4773998920929,57,0,0,6040,0,29.8333333333333,1,5.8
822042,3.85714285714286,2.66666666666667,2.33333333333333,14.1985540238632,18,1,0,3450,0,NA,NA,5
822387,1.42857142857143,3.33333333333333,1.66666666666667,9.04466653441065,60,0,0,2833.53072225164,2,40.1666666666667,1,5.8
822998,2.28571428571429,2.33333333333333,2.66666666666667,42.9261286324243,21,0,0,NA,0,2.91666666666667,2,3.8
823498,2.42857142857143,3,2,22.2296210912378,19,0,0,4900,0,0,0,6
824090,1.28571428571429,3,2,31.4295656148385,66,1,0,3100,2,27.5,NA,4.4
825186,1.28571428571429,3,2,33.3360301399965,53,0,0,NA,6,NA,NA,4
825241,2.42857142857143,3,2,35.4010969314582,51,0,0,3600,1,NA,4,4
825482,2.28571428571429,3.66666666666667,1.33333333333333,42.1625892958652,49,0,0,11025,3,24.5,1,4
826217,2.14285714285714,2.33333333333333,2.66666666666667,21.343386122046,59,0,0,3446.11391341185,2,40,1,5.6
826235,1.85714285714286,3.66666666666667,1.33333333333333,18.434948822922,39,0,0,3600,1,19.9166666666667,NA,5.8
827206,1.85714285714286,3,2,29.7125655758833,16,0,0,15141.5870137993,0,0,0,5
827578,1.71428571428571,3,2,12.7093881362558,16,0,0,0,0,0,0,4.8
827804,3.57142857142857,3,2,29.4949558176877,42,0,0,5700,2,24,1,5
828051,2.57142857142857,2.66666666666667,2.33333333333333,26.7871267297714,44,0,0,2300,0,27,1,5
828436,3.28571428571429,2.33333333333333,2.66666666666667,29.5316603479089,26,1,0,0,0,NA,NA,4
830950,2.28571428571429,3,2,42.7394980888587,37,0,0,7094.05207909189,2,20,1,5.8
831124,3.14285714285714,2.66666666666667,2.33333333333333,31.4295656148385,61,0,0,1600,1,44.1666666666667,1,6
831741,3,2.33333333333333,2.66666666666667,36.4509231795813,16,1,0,1449.4833052313,0,1,NA,3.8
832479,2.14285714285714,2.33333333333333,2.66666666666667,24.264766062003,70,0,0,5244.96685137671,2,50,3,5.4
832888,1.71428571428571,3.33333333333333,1.66666666666667,9.33839497623598,26,0,0,6114.6193887114,0,5.16666666666667,4,6
832952,2.42857142857143,2.33333333333333,2.66666666666667,31.4295656148385,26,1,0,851.508419907246,0,0.25,0,4.6
833068,1.71428571428571,3.33333333333333,1.66666666666667,42.7394980888587,19,0,0,8850,0,0.833333333333333,2,5.6
833282,2.57142857142857,3.66666666666667,1.33333333333333,34.1669536080293,16,0,0,8500,0,0.25,0,5.2
833288,2.28571428571429,2.66666666666667,2.33333333333333,26.7871267297714,59,0,0,2700,3,41.75,1,3.6
833612,2,3,2,34.1669536080293,19,0,0,5982.47711902668,0,2.16666666666667,1,3.6
834326,1.85714285714286,3,2,18.434948822922,16,0,0,1267.48742615088,0,1.5,NA,4
835400,4,3.33333333333333,1.66666666666667,20.7627639119632,16,0,0,1100,0,0,0,4.2
835415,3.14285714285714,2.66666666666667,2.33333333333333,15.6539227927946,16,1,0,6258.22130864643,0,0,0,6
835665,1.28571428571429,2,3,34.1669536080293,21,1,0,0,0,2,1,6.2
835696,2.28571428571429,3.66666666666667,1.33333333333333,34.1669536080293,24,0,0,NA,0,0.166666666666667,1,5.4
836483,2.14285714285714,2.66666666666667,2.33333333333333,31.2298929435793,16,1,0,4900,0,NA,NA,5.6
837057,2.14285714285714,3,2,34.1669536080293,17,1,0,12000,0,0.583333333333333,1,2.2
837445,3.85714285714286,2.66666666666667,2.33333333333333,27.4314619481826,17,1,0,6500,0,0,0,5.6
837634,4.14285714285714,2,3,29.3960528549433,20,1,0,7740,0,1.58333333333333,3,2.2
837710,2.14285714285714,3,2,7.93826452354549,19,0,0,1972.42393182123,0,1.41666666666667,3,5.6
837884,2.42857142857143,2.66666666666667,2.33333333333333,37.7468053872747,18,0,0,5185,0,1.58333333333333,0,2.4
839443,1.28571428571429,2,3,26.446180435778,65,0,0,0,2,45.4166666666667,1,5.4
839538,1.85714285714286,3.66666666666667,1.33333333333333,20.3569047818534,19,0,0,5600,0,0,0,4.4
839904,2,3.33333333333333,1.66666666666667,12.3194452566366,64,0,0,6100,4,42,1,6
840466,2.85714285714286,3,2,39.907884875501,22,0,0,2962.09624408387,0,5.83333333333333,NA,4.4
840496,1,2.66666666666667,2.33333333333333,27.5279148027142,79,0,0,3738.42119318123,2,53.3333333333333,1,2.8
841247,5,3.33333333333333,1.66666666666667,8.21920924889907,16,1,0,4225,0,4.33333333333333,0,7
841250,1.57142857142857,2.66666666666667,2.33333333333333,45,65,0,0,3620.24686817891,3,47.6666666666667,1,6.2
842596,1.28571428571429,4,1,28.5684077252495,67,0,0,2800,2,52.6666666666667,1,5.8
842651,1.71428571428571,3,2,31.4295656148385,23,0,0,7550,0,NA,1,4.8
844253,2.14285714285714,3.33333333333333,1.66666666666667,33.6207860851233,17,0,0,6730.03312368903,0,0.75,6,4.4
845217,1.85714285714286,3.33333333333333,1.66666666666667,28.2685127871291,22,1,0,0,0,2.08333333333333,3,2
845263,4.14285714285714,2.66666666666667,2.33333333333333,23.3109350353842,16,1,0,4725,0,0.333333333333333,3,6
845913,3.71428571428571,2.33333333333333,2.66666666666667,22.4258619213518,16,0,0,6544.91317355693,0,0,0,4
846496,2.71428571428571,3,2,18.3458419281789,40,0,0,5479,5,17.1666666666667,1,5.6
846685,2,3.66666666666667,1.33333333333333,42.7394980888587,18,0,0,6212.79690759198,0,0,0,5.2
846865,3.57142857142857,2,3,18.9306972133574,25,1,0,4429.56764855807,0,1,18,2.6
846981,3.71428571428571,2.66666666666667,2.33333333333333,31.4295656148385,18,0,0,5867.24099626194,0,1.83333333333333,1,5.6
847210,1.57142857142857,3.66666666666667,1.33333333333333,31.4295656148385,61,0,0,5350,2,45.4166666666667,1,4.6
847332,2,2.33333333333333,2.66666666666667,7.18426739242686,71,0,0,NA,2,55.4166666666667,NA,6
848895,2.28571428571429,3.33333333333333,1.66666666666667,31.4295656148385,60,0,0,5500,2,43.4166666666667,1,3.2
849169,2.14285714285714,2.66666666666667,2.33333333333333,19.4973735926354,21,0,0,2600,0,NA,5,5
849594,1,3.33333333333333,1.66666666666667,31.4295656148385,61,0,0,3358.78097594157,2,39.4166666666667,1,5.8
849609,2,2.66666666666667,2.33333333333333,23.8059435184577,16,0,0,3327,0,1,0,5.2
849630,2.85714285714286,2,3,34.1669536080293,67,0,0,2386,1,44.0833333333333,NA,2
849943,3.57142857142857,2.33333333333333,2.66666666666667,14.8454520820838,23,1,0,4050,0,1.25,13,4.4
849969,3.42857142857143,4,1,38.3839710064791,27,1,0,0,0,NA,NA,5
849990,1.71428571428571,2.66666666666667,2.33333333333333,34.1669536080293,26,1,0,1632.9036937562,0,0.666666666666667,0,3.8
850665,1,3.33333333333333,1.66666666666667,28.5706985484666,39,0,0,2400,2,19.1666666666667,NA,5.4
850737,4.28571428571429,1,4,3.3664606634298,22,1,0,NA,0,3,15,5.8
851110,3.14285714285714,2.66666666666667,2.33333333333333,11.0937230115579,18,0,0,3000,0,NA,1,4.6
852056,3,3,2,16.46001481204,16,1,0,4130.89673491836,0,NA,0,5.6
852624,1.14285714285714,3,2,18.434948822922,60,0,0,2000,2,43.4166666666667,1,6
852658,1.85714285714286,3.33333333333333,1.66666666666667,29.3318395782475,23,1,0,7500,0,0.75,10,3.4
852798,2.42857142857143,3,2,45,45,0,0,2833.53072225164,2,25.5833333333333,1,6.8
853732,2.42857142857143,3.33333333333333,1.66666666666667,37.3549867283293,69,0,0,NA,2,50.1666666666667,1,6
854547,1.14285714285714,3,2,23.4773998920929,30,0,0,4500,1,8,NA,6
854623,1.57142857142857,2.66666666666667,2.33333333333333,28.5684077252495,49,0,0,3823,0,24.4166666666667,2,5
855194,2.28571428571429,2.66666666666667,2.33333333333333,18.2458545275783,65,0,0,5800,0,37,NA,6
855532,2.85714285714286,3,2,34.1669536080293,16,0,0,15000,0,0,0,4.8
856164,1.85714285714286,3,2,27.7108140152531,66,0,0,NA,2,49.4166666666667,2,5.6
856942,2,2.66666666666667,2.33333333333333,31.4295656148385,26,0,0,6000,0,NA,NA,6
857086,2,3,2,31.4295656148385,53,0,0,6000,2,39,1,5.2
857098,1.71428571428571,3.66666666666667,1.33333333333333,31.4295656148385,59,0,0,4000,2,39.4166666666667,7,4.4
858279,1.42857142857143,3.66666666666667,1.33333333333333,31.4295656148385,20,0,0,9800,0,2.91666666666667,1,6.4
858877,2.71428571428571,2.66666666666667,2.33333333333333,26.446180435778,16,0,0,3358.78097594157,0,NA,NA,4.6
858911,3.28571428571429,2.33333333333333,2.66666666666667,24.0406195345771,65,0,0,2150,1,45,NA,3.6
860067,1.28571428571429,3,2,28.9200440376065,61,0,0,5011.5085982822,2,41.0833333333333,1,6
860089,2.28571428571429,3,2,31.4295656148385,63,0,0,2399.15237840235,2,47.3333333333333,1,6
860577,3.14285714285714,2,3,27.076607043665,23,1,0,0,0,2.83333333333333,2,6.4
860900,2.71428571428571,3,2,31.4295656148385,37,0,0,NA,2,NA,NA,6
860952,2.57142857142857,3,2,31.4295656148385,60,0,0,6772.52614482911,2,43.25,2,6
861926,1.57142857142857,3,2,42.7394980888587,44,1,0,0,0,5.41666666666667,10,5.4
862695,2.71428571428571,4,1,31.5397967775998,34,0,0,8063.87767773223,2,6.91666666666667,1,3.4
862734,2,3.66666666666667,1.33333333333333,35.1341930569156,21,1,0,2833.53072225164,0,3.5,NA,6
862982,2.85714285714286,1.66666666666667,3.33333333333333,11.7044648883064,18,1,0,NA,0,0.5,2,4.4
863070,4.14285714285714,1.33333333333333,3.66666666666667,7.83761367789844,19,1,0,1675.36144173181,0,1.08333333333333,NA,6
864257,2.28571428571429,2.33333333333333,2.66666666666667,31.7411278178193,53,0,0,20000,3,29.9166666666667,7,6.2
864382,1.28571428571429,3,2,37.385288057969,49,0,0,4485,3,23.75,1,6.8
864517,2.85714285714286,3,2,34.1669536080293,24,0,0,8773.17662742524,0,0,NA,4.4
864529,1,3.66666666666667,1.33333333333333,33.3170533981818,70,0,0,3500,2,NA,NA,6
864813,1.42857142857143,2,3,3.57633437499735,33,0,0,3730,2,15.1666666666667,1,6
865054,2.57142857142857,2.66666666666667,2.33333333333333,27.2995722113328,18,1,0,8500,0,0.25,1,6
865362,3.28571428571429,1.66666666666667,3.33333333333333,28.056144728791,20,0,0,0,0,NA,4,5
866195,1.42857142857143,4,1,29.4949558176877,22,1,0,0,0,7.58333333333333,1,5.8
866656,2.42857142857143,2.66666666666667,2.33333333333333,34.1669536080293,22,1,0,0,0,0,2,5.6
867370,2,2,3,16.1202108565919,62,0,0,NA,2,43.1666666666667,2,4
867568,1.71428571428571,3,2,19.7788848063086,17,0,0,7600,0,2.58333333333333,1,5.6
867727,1.28571428571429,2.33333333333333,2.66666666666667,39.1340288582735,65,0,0,3100,4,45.4166666666667,1,5.8
868197,2.42857142857143,2.33333333333333,2.66666666666667,37.6942404666892,68,1,0,0,1,47.3333333333333,6,5.2
868389,2.28571428571429,2.66666666666667,2.33333333333333,50.8335075847352,16,1,0,4822.098295147,0,0,0,4.6
868798,3,2.33333333333333,2.66666666666667,14.0989302913963,19,1,0,2600,0,0,0,4
869287,3,2.66666666666667,2.33333333333333,42.7394980888587,16,1,0,1311.98614120188,0,0.75,6,3.8
869427,2.42857142857143,3,2,28.2720360794327,43,0,0,3880,3,21,1,5.6
870373,1,3.33333333333333,1.66666666666667,34.1669536080293,53,0,0,3446.11391341185,2,NA,NA,4.8
870703,2.42857142857143,3.66666666666667,1.33333333333333,24.0799945102303,46,0,0,4725,3,27.6666666666667,1,5
870971,2.57142857142857,3,2,34.1669536080293,21,0,0,4820,0,3.58333333333333,2,6.2
871099,2.42857142857143,3.33333333333333,1.66666666666667,18.5954407827566,19,0,0,2125.41591619464,0,0,0,5.4
871780,1,3.33333333333333,1.66666666666667,39.3376220933462,70,0,0,0,2,4.5,1,7
872137,2.14285714285714,2.66666666666667,2.33333333333333,30.9132756821285,22,1,0,1329.0780070536,0,0.25,0,2.8
872604,2,3,2,15.6078242447607,70,0,0,NA,2,55.0833333333333,1,6.2
872817,2.14285714285714,3,2,31.4295656148385,63,0,0,11080,3,42.75,1,6
873477,1.57142857142857,3,2,38.4347418154248,16,0,0,4550.89073685302,0,0.916666666666667,0,6.6
873617,2,3,2,12.1338801706333,21,0,0,NA,0,0,0,5
873782,1,3,2,31.4295656148385,67,0,0,15000,2,43.9166666666667,NA,5.8
874118,2,3,2,34.1669536080293,69,0,0,3250,2,51.25,1,5
874542,2.57142857142857,3,2,34.1669536080293,63,0,0,2256.47716942949,2,45.5,1,6.4
874566,3,3.66666666666667,1.33333333333333,30.3276341191339,64,0,0,8063.87767773223,4,40.1666666666667,1,2.8
875167,1.85714285714286,2,3,19.7468366054261,17,0,0,1400,1,0.75,4,6.2
875430,3.14285714285714,2.66666666666667,2.33333333333333,31.8551323824493,21,0,0,3680,0,2.66666666666667,5,3.8
875646,1,3,2,33.9399930052343,64,0,0,7200,2,46.4166666666667,1,3.4
875771,2.71428571428571,2.66666666666667,2.33333333333333,34.1669536080293,18,1,0,4475,0,0.0833333333333333,0,4.8
876171,2.28571428571429,3,2,15.7169753987347,62,0,0,2115.16124915538,2,11,4,5.8
877246,2.28571428571429,2.66666666666667,2.33333333333333,31.4295656148385,22,0,0,6000,0,NA,NA,6
877569,1,2.33333333333333,2.66666666666667,18.434948822922,16,0,0,3550.0733672277,0,0.75,1,1.2
877777,2.42857142857143,2.66666666666667,2.33333333333333,31.4295656148385,22,0,0,7750,0,1,3,3.4
877978,3.28571428571429,2.33333333333333,2.66666666666667,29.8047514731801,25,1,0,0,0,3.83333333333333,1,5.6
878359,2.57142857142857,3,2,2.70062933739528,25,0,0,2125.41591619464,0,NA,NA,5
878363,2,2,3,18.434948822922,62,1,0,2800,0,26.5833333333333,8,5
878430,2.57142857142857,2.66666666666667,2.33333333333333,21.8528419496582,20,1,0,6664.06595776286,0,2.16666666666667,1,6
879635,3,3.33333333333333,1.66666666666667,11.1069966773723,18,0,0,3393.85611182804,0,0,0,3.6
879895,1.28571428571429,3,2,13.3602184447645,62,0,0,2990,2,34.5,4,5.6
879998,1.57142857142857,2.33333333333333,2.66666666666667,35.6716087764458,58,0,0,873.64881314034,1,4,5,5.6
880313,3,2.66666666666667,2.33333333333333,18.2458545275783,18,0,0,6664.06595776286,0,0.333333333333333,1,5
881021,1.14285714285714,3.66666666666667,1.33333333333333,46.0809241866607,72,0,0,4840.20548426273,2,51.5833333333333,1,7
881164,2.14285714285714,3,2,8.16297428371801,66,1,0,2125.41591619464,2,28.1666666666667,1,5
881359,4.42857142857143,2.66666666666667,2.33333333333333,34.1669536080293,16,1,0,6443.20995503662,0,NA,0,7
881375,2,3,2,34.1669536080293,56,0,0,NA,7,35,1,5.6
881848,2,2.66666666666667,2.33333333333333,31.4295656148385,35,0,0,7000,1,15.5833333333333,NA,5.6
882513,2,3,2,30.8346152492318,73,0,0,3250,2,11.9166666666667,NA,5.8
882769,2,3.66666666666667,1.33333333333333,31.7694915785975,20,0,0,4526,0,1.58333333333333,0,6.6
883078,1.85714285714286,3,2,29.4949558176877,33,0,0,3100,3,14.1666666666667,1,4.2
883120,3,2.66666666666667,2.33333333333333,32.7068268793835,19,0,0,NA,0,3.41666666666667,NA,4.2
883251,3.71428571428571,2.66666666666667,2.33333333333333,23.9143614936562,19,1,0,4922.61955837608,0,0,2,5.4
883554,2.85714285714286,1.66666666666667,3.33333333333333,28.2720360794327,17,0,0,3870.20531559231,0,0,0,3.8
885641,2.42857142857143,2,3,7.26544689983912,19,1,0,1569.46908364769,0,NA,NA,3.8
886776,2.42857142857143,3.33333333333333,1.66666666666667,26.7849955075022,16,0,0,5137.72630196717,0,0.666666666666667,0,4.4
886862,1.85714285714286,3,2,29.7448812969422,57,0,0,1106,2,42.3333333333333,1,5
888226,1.57142857142857,2.66666666666667,2.33333333333333,31.4295656148385,18,0,0,7600,0,1.91666666666667,1,6
889059,2.85714285714286,2.66666666666667,2.33333333333333,31.4295656148385,18,0,0,6839.14939049793,0,3.91666666666667,2,5.6
889236,2.71428571428571,3,2,23.4773998920929,25,1,0,5185,0,0,0,5
889285,3.14285714285714,3.66666666666667,1.33333333333333,34.5994479751789,17,0,0,954,0,NA,1,3.4
889550,3,2.66666666666667,2.33333333333333,18.434948822922,21,1,0,5300,0,0.0833333333333333,4,6
891177,1.57142857142857,3,2,29.3100070709161,61,0,0,3925,2,44.5,1,6
891461,2.42857142857143,2.33333333333333,2.66666666666667,12.8750015596125,54,0,0,NA,3,36.3333333333333,NA,1.8
892837,1.28571428571429,2.33333333333333,2.66666666666667,34.1669536080293,38,0,0,9200,2,13.5833333333333,NA,6.4
893481,2.57142857142857,3,2,28.5684077252495,20,1,0,3890,0,0,3,5.8
893759,2.42857142857143,3,2,19.1336432059055,17,0,0,5634.33884943402,0,NA,1,4
893762,2,3,2,27.9235897151384,63,0,0,3645,4,45.5,1,6
893838,4,3.66666666666667,1.33333333333333,30.3276341191339,16,1,0,8850,0,0.25,3,5.8
895501,2.14285714285714,3,2,25.9478853220016,46,0,0,0,3,NA,NA,3.4
895910,1.57142857142857,4,1,42.1625892958652,16,0,0,1517.87903717574,0,1.5,NA,4.4
896005,1.71428571428571,3,2,31.1793152573825,58,0,0,5282.27378672512,2,40.5,1,5
896389,3,3,2,18.5096499272877,16,0,0,10050,0,1.75,1,5.8
896551,4.28571428571429,2.66666666666667,2.33333333333333,30.8438074131448,49,1,0,0,0,NA,NA,1
896740,1.85714285714286,3,2,28.3727896474816,25,0,0,4669.40616272053,0,5.08333333333333,3,6.2
896777,3.14285714285714,3,2,31.4295656148385,61,0,0,3100,2,40,4,4.6
896862,3.28571428571429,2,3,30.1998580711435,22,0,0,5968.64116053081,0,0.5,1,3.2
897155,3,2.33333333333333,2.66666666666667,0,20,1,0,4522,0,1.25,15,4
897232,2,2.33333333333333,2.66666666666667,30.393262645553,22,0,0,4247.20671756872,0,3,1,3.6
897317,2.57142857142857,3.33333333333333,1.66666666666667,23.6705384847205,63,0,0,1710.28345322911,0,12.25,NA,2.2
897885,1.57142857142857,1.33333333333333,3.66666666666667,20.3569047818534,53,1,0,8300,0,NA,NA,6.2
898742,1,2.66666666666667,2.33333333333333,34.1669536080293,58,1,0,0,0,35,3,5.4
898773,2.42857142857143,2.33333333333333,2.66666666666667,20.9303590112587,47,0,0,0,0,NA,4,6.4
898889,2,2,3,34.1669536080293,41,0,0,3940,3,18.25,4,2.8
899035,1.85714285714286,2.33333333333333,2.66666666666667,26.565051177078,26,0,0,1710.28345322911,0,NA,0,3.4
899359,1.57142857142857,3,2,41.1413196632279,38,0,0,0,0,4.33333333333333,3,5.2
899517,1.85714285714286,3.33333333333333,1.66666666666667,36.1646267865505,61,0,0,7814,1,NA,NA,3
800131,1.85714285714286,2.33333333333333,2.66666666666667,34.1669536080293,65,0,NA,NA,5,25.4166666666667,2,6
800372,2.42857142857143,2,3,18.434948822922,28,1,NA,NA,0,NA,NA,4.6
800445,3.42857142857143,2,3,16.1892062570269,43,0,NA,NA,2,10.3333333333333,1,3.8
803201,3.42857142857143,2.66666666666667,2.33333333333333,27.8624689824763,61,0,NA,NA,1,25,NA,6
803503,2.57142857142857,2.66666666666667,2.33333333333333,26.3442592853544,60,0,NA,NA,2,NA,4,1
803829,1.85714285714286,4,1,3.3664606634298,39,1,NA,NA,2,NA,NA,5.8
804489,2.14285714285714,1.33333333333333,3.66666666666667,9.55163745838186,64,1,NA,NA,1,47.4166666666667,NA,5.4
806900,3,2.66666666666667,2.33333333333333,34.1669536080293,33,0,NA,NA,0,NA,NA,3.6
807186,2.14285714285714,3,2,34.1669536080293,56,1,NA,NA,2,34.0833333333333,1,5.8
808779,1.42857142857143,3.33333333333333,1.66666666666667,31.4295656148385,44,1,NA,NA,0,15.25,6,3.4
808944,1.42857142857143,3.66666666666667,1.33333333333333,23.9250407580067,54,0,NA,NA,1,10.0833333333333,1,5.4
809170,2.14285714285714,3,2,34.1669536080293,51,0,NA,NA,5,31.5,1,5.6
810516,2.57142857142857,2,3,23.6579969987627,28,1,NA,NA,0,4.5,2,3.6
811297,2.42857142857143,2.66666666666667,2.33333333333333,12.4395620188465,69,0,NA,NA,0,53,1,5.8
812026,2.85714285714286,3,2,34.1669536080293,72,1,NA,NA,1,42.25,1,4.8
812228,3,2.66666666666667,2.33333333333333,7.06672971640108,44,1,NA,NA,2,NA,NA,4
813290,2,3,2,42.7394980888587,44,0,NA,NA,1,NA,NA,4
816702,5,1.66666666666667,3.33333333333333,28.0993926767788,32,1,NA,NA,1,13.6666666666667,NA,4.2
816949,2.14285714285714,3,2,20.3441012559184,62,0,NA,NA,2,42.0833333333333,1,6
817770,2.28571428571429,3,2,32.0778635989121,57,1,NA,NA,0,3.16666666666667,1,4.6
818762,3,2.66666666666667,2.33333333333333,24.976667100778,77,0,NA,NA,3,NA,NA,6
819183,2.14285714285714,2.66666666666667,2.33333333333333,32.7068268793835,29,1,NA,NA,0,3.58333333333333,NA,5.8
819253,2,3,2,-1.61353893288118,77,0,NA,NA,3,6,1,6
819540,2,2.33333333333333,2.66666666666667,19.8359250267057,75,0,NA,NA,2,55,1,5.2
820172,2.14285714285714,3,2,31.4295656148385,60,1,NA,NA,2,30,NA,5.2
820294,1,2,3,3.3664606634298,71,0,NA,NA,1,46.5,NA,6.8
821386,3,2.66666666666667,2.33333333333333,13.9582900745114,36,1,NA,NA,0,NA,NA,4
821478,3.28571428571429,2.33333333333333,2.66666666666667,22.8905516562483,17,1,NA,NA,0,NA,NA,6.2
822525,2,2.66666666666667,2.33333333333333,28.5706985484666,47,1,NA,NA,0,NA,NA,2.2
822863,1,3,2,32.0888236046972,71,0,NA,NA,0,50,NA,6.6
823507,1.14285714285714,3,2,45,71,0,NA,NA,1,42.25,1,5
823510,1.42857142857143,2.66666666666667,2.33333333333333,3.3664606634298,50,1,NA,NA,0,NA,NA,1.2
823535,1.57142857142857,3,2,31.4295656148385,62,1,NA,NA,5,25.4166666666667,2,6
824401,1,2.66666666666667,2.33333333333333,-4.76364169072618,61,0,NA,NA,2,22.5,2,1.8
824816,2,3,2,31.4295656148385,28,0,NA,NA,1,7.25,1,5.8
825369,4.85714285714286,2,3,32.2979774958722,29,0,NA,NA,2,13.25,NA,5.2
825445,2.14285714285714,3.66666666666667,1.33333333333333,31.0073938271495,34,1,NA,NA,3,14,1,6.4
826303,2.28571428571429,3.33333333333333,1.66666666666667,29.8047514731801,54,1,NA,NA,1,14,NA,4.8
826327,2.14285714285714,3.66666666666667,1.33333333333333,31.4295656148385,27,0,NA,NA,0,NA,NA,4.6
826580,2,3,2,13.6429147759901,63,1,NA,NA,0,NA,NA,4
826803,1,3.66666666666667,1.33333333333333,34.1669536080293,72,1,NA,NA,0,NA,30,5.2
827114,3.14285714285714,2,3,18.7084349535889,43,0,NA,NA,3,20,NA,6
827520,1.14285714285714,3.66666666666667,1.33333333333333,26.9315437021589,73,0,NA,NA,1,40.5,1,5.2
827963,2.71428571428571,3.66666666666667,1.33333333333333,30.3384522513908,17,1,NA,NA,0,0.166666666666667,1,6.2
828012,1,3,2,1.46880071438582,66,1,NA,NA,2,41.75,1,6
828234,2.14285714285714,2.66666666666667,2.33333333333333,31.4295656148385,47,1,NA,NA,3,19.6666666666667,3,4.4
828857,1,3,2,20.194334245184,56,0,NA,NA,2,32,NA,5.8
829724,2.42857142857143,3.33333333333333,1.66666666666667,31.4295656148385,22,0,NA,NA,0,6.33333333333333,1,6.8
830105,1.57142857142857,3,2,28.3690462932786,63,0,NA,NA,2,43.5,2,7
830682,3,2.66666666666667,2.33333333333333,28.3391320358959,19,0,NA,NA,0,0,0,4
833779,2.14285714285714,2.66666666666667,2.33333333333333,31.4295656148385,65,1,NA,NA,1,44.4166666666667,2,3
833795,2.71428571428571,2,3,10.0079798014413,65,1,NA,NA,2,24,NA,2.2
834500,1.14285714285714,3,2,22.4632124894071,60,0,NA,NA,1,45.3333333333333,1,5.6
834619,2,3,2,33.6207860851233,73,0,NA,NA,3,34.5,1,5.6
835119,2.71428571428571,2,3,29.4949558176877,64,0,NA,NA,2,NA,NA,5
835571,3.14285714285714,1.33333333333333,3.66666666666667,30.9186772498622,60,1,NA,NA,0,NA,NA,3.6
836148,2.14285714285714,2.66666666666667,2.33333333333333,34.1669536080293,79,1,NA,NA,2,NA,1,6.2
836657,3,3,2,18.434948822922,39,0,NA,NA,0,0,0,6.4
836944,2,3,2,42.1625892958652,47,0,NA,NA,0,11.8333333333333,5,4.6
839154,2,2.66666666666667,2.33333333333333,26.565051177078,20,1,NA,NA,0,3.58333333333333,4,4.8
840112,1,3,2,27.8104154438463,71,0,NA,NA,0,NA,NA,5.8
841183,2.14285714285714,3,2,31.4295656148385,59,0,NA,NA,2,36.25,NA,5
843115,2.71428571428571,1.33333333333333,3.66666666666667,34.1669536080293,85,1,NA,NA,2,60.5833333333333,1,7
843326,2.14285714285714,3,2,30.8346152492318,36,1,NA,NA,0,8,10,6.8
843582,2.42857142857143,3,2,31.4295656148385,70,0,NA,NA,2,9.5,NA,2.6
845565,1.14285714285714,2.66666666666667,2.33333333333333,31.4295656148385,35,0,NA,NA,0,NA,1,6
846075,2.71428571428571,3,2,33.6900675259798,21,1,NA,NA,0,0,0,5
846450,2.28571428571429,2.33333333333333,2.66666666666667,26.565051177078,39,1,NA,NA,2,10.5,NA,3.8
846856,1.28571428571429,3,2,34.1669536080293,76,0,NA,NA,2,NA,NA,5.8
848068,3.85714285714286,2,3,21.5351258287576,30,1,NA,NA,0,2.58333333333333,9,4.2
848146,2.57142857142857,2.66666666666667,2.33333333333333,31.3540487207793,40,0,NA,NA,2,17.9166666666667,3,5.2
848403,2.42857142857143,2.33333333333333,2.66666666666667,31.4295656148385,55,0,NA,NA,0,37.1666666666667,6,6
849035,1.85714285714286,2.66666666666667,2.33333333333333,34.1669536080293,65,1,NA,NA,2,46,NA,5.8
851101,3,3,2,30.3276341191339,49,1,NA,NA,2,24,NA,4
851379,1.42857142857143,2.33333333333333,2.66666666666667,36.1646267865505,52,1,NA,NA,0,29.25,2,4.4
852062,1.28571428571429,4,1,32.2874871791285,78,0,NA,NA,0,22.25,2,5.6
852752,2.28571428571429,3.33333333333333,1.66666666666667,30.7302152459201,36,0,NA,NA,2,14.0833333333333,NA,3.6
852832,2.14285714285714,2.33333333333333,2.66666666666667,31.4295656148385,43,1,NA,NA,0,5,20,5
853201,2.14285714285714,3.33333333333333,1.66666666666667,42.1625892958652,68,0,NA,NA,2,25,4,3.6
853268,2,2.66666666666667,2.33333333333333,28.5706985484666,70,0,NA,NA,3,11.25,1,3.8
853887,1.85714285714286,3,2,34.1669536080293,51,0,NA,NA,2,12.6666666666667,3,5.4
854956,3,2.66666666666667,2.33333333333333,29.0794182073192,47,1,NA,NA,0,NA,NA,5
859576,1.57142857142857,2.33333333333333,2.66666666666667,14.6443126371557,72,1,NA,NA,2,46.25,NA,5.2
859735,1.85714285714286,2.66666666666667,2.33333333333333,20.2975697722287,70,1,NA,NA,2,43.6666666666667,3,6
860177,1.71428571428571,2.66666666666667,2.33333333333333,31.5042667192042,75,0,NA,NA,3,59.1666666666667,1,5.2
861407,2.28571428571429,3,2,34.1669536080293,54,1,NA,NA,0,24.25,2,5
861471,2,3,2,24.0656315805573,59,1,NA,NA,0,NA,NA,5.6
866305,1.71428571428571,3,2,36.1646267865505,35,1,NA,NA,0,NA,NA,5
866693,1.57142857142857,3.33333333333333,1.66666666666667,37.6942404666892,54,1,NA,NA,2,28.75,8,5.6
867660,1.85714285714286,3,2,34.1669536080293,67,1,NA,NA,0,39.5,9,5
867977,2.28571428571429,1.33333333333333,3.66666666666667,13.9189544208851,64,0,NA,NA,1,43.6666666666667,NA,5.2
869534,2.57142857142857,2.66666666666667,2.33333333333333,24.7107994622302,58,1,NA,NA,3,34,1,5.2
870474,2.28571428571429,3,2,36.2673349761852,31,1,NA,NA,1,7.33333333333333,3,5.4
872891,2.57142857142857,2.66666666666667,2.33333333333333,29.4949558176877,53,0,NA,NA,0,NA,NA,2.6
873892,2.85714285714286,3,2,42.7394980888587,26,1,NA,NA,1,4.5,NA,4.6
875088,2.85714285714286,3,2,34.1669536080293,41,0,NA,NA,2,23.9166666666667,1,5.4
876580,1,2.66666666666667,2.33333333333333,34.1669536080293,71,0,NA,NA,0,NA,NA,6.4
878326,2.42857142857143,2.66666666666667,2.33333333333333,21.4920400333446,56,1,NA,NA,0,NA,NA,4
878656,1.85714285714286,2.33333333333333,2.66666666666667,18.434948822922,55,1,NA,NA,0,23.3333333333333,6,6
878826,1.71428571428571,3,2,17.2331157584699,65,0,NA,NA,0,22.1666666666667,NA,5.8
883685,1.71428571428571,2.66666666666667,2.33333333333333,18.0478210687711,29,0,NA,NA,0,5.25,NA,3.2
884310,1,3,2,34.1669536080293,66,0,NA,NA,2,44.3333333333333,1,5.8
886722,3,3.66666666666667,1.33333333333333,34.1669536080293,28,1,NA,NA,0,9,2,4.8
886807,1,3.33333333333333,1.66666666666667,29.4949558176877,69,0,NA,NA,0,NA,NA,5.8
887335,2.71428571428571,2.33333333333333,2.66666666666667,32.1880194094451,27,1,NA,NA,0,6.66666666666667,10,5.8
888214,2.28571428571429,3,2,20.7428496143103,67,0,NA,NA,4,50.5,NA,5.4
888217,1.28571428571429,3.33333333333333,1.66666666666667,31.4295656148385,60,1,NA,NA,2,27.9166666666667,NA,6
888650,1.28571428571429,2.33333333333333,2.66666666666667,31.4295656148385,51,0,NA,NA,0,31.5833333333333,2,6
889053,2.14285714285714,3,2,44.1648437077791,54,1,NA,NA,1,20.3333333333333,NA,3.8
889739,2.42857142857143,2.66666666666667,2.33333333333333,34.1669536080293,33,0,NA,NA,1,12.4166666666667,10,5.6
890341,2.14285714285714,3,2,19.9403005683304,27,0,NA,NA,0,5.25,8,4.6
890936,1.85714285714286,2.66666666666667,2.33333333333333,36.6341138759674,41,0,NA,NA,2,NA,NA,4.2
891094,2.71428571428571,4,1,11.0937230115579,47,0,NA,NA,3,28.8333333333333,1,2.8
891653,2,2.66666666666667,2.33333333333333,30.8346152492318,40,1,NA,NA,2,NA,NA,6
893231,2.85714285714286,3,2,9.91865062606084,58,0,NA,NA,2,NA,NA,4
893475,1.57142857142857,3,2,29.4949558176877,53,1,NA,NA,2,30.8333333333333,1,5.2
894940,2.57142857142857,1.66666666666667,3.33333333333333,20.9303590112587,18,1,NA,NA,0,NA,NA,5.6
898468,2.42857142857143,3,2,20.5844516523145,49,1,NA,NA,1,17.0833333333333,2,6
898928,2,2.33333333333333,2.66666666666667,7.79207807821844,66,1,NA,NA,0,35,NA,6
899078,3.28571428571429,3.33333333333333,1.66666666666667,34.1669536080293,47,1,NA,NA,3,NA,1,5
899645,1.42857142857143,4,1,31.4295656148385,38,0,NA,NA,2,NA,NA,6
